time_ms,accuracy,compute_similarities_with_state_decision_0,compute_similarities_with_state_decision_1,compute_similarities_with_state_threshold_0,parse_embedding_decision_0,parse_embedding_decision_1,parse_embedding_threshold_0,selector_kernel_decision_0,selector_kernel_decision_1,selector_kernel_threshold_0,qos_loss,exact_accuracy
6548.029523,0.018393,1,0,4,1,1,1,1,0,8,0.441607,0.460000
8024.967371,0.447980,1,1,3,1,2,10,0,0,7,0.012020,0.460000
5333.466302,0.018393,0,1,2,1,1,9,0,1,1,0.441607,0.460000
7019.309710,0.472980,1,0,3,1,2,10,0,0,7,0.000000,0.460000
7762.487812,0.472980,2,0,3,1,2,10,0,0,7,0.000000,0.460000
8143.840161,0.493813,0,2,3,0,0,4,0,0,1,0.000000,0.460000
6645.273770,0.472980,1,0,4,1,2,10,0,0,7,0.000000,0.460000
7511.316446,0.472980,1,0,4,1,2,10,0,0,8,0.000000,0.460000
6961.846263,0.447980,1,1,4,1,2,10,0,0,8,0.012020,0.460000
7010.242704,0.472980,1,0,4,1,2,10,0,0,6,0.000000,0.460000
5725.004467,0.080000,1,0,4,1,2,10,1,0,7,0.380000,0.460000
6917.753648,0.018393,1,0,1,0,2,10,1,0,9,0.441607,0.460000
6874.398267,0.472980,1,0,4,1,2,8,0,0,7,0.000000,0.460000
6773.429219,0.472980,1,0,4,1,2,9,0,0,8,0.000000,0.460000
5583.232521,0.080000,1,0,4,1,1,10,1,0,7,0.380000,0.460000
6752.572829,0.018393,2,1,5,0,1,8,1,1,9,0.441607,0.460000
5784.860865,0.483889,1,0,5,2,2,10,0,0,7,0.000000,0.460000
7963.539554,0.483889,1,0,4,2,2,10,0,0,7,0.000000,0.460000
7981.046605,0.483889,1,0,5,2,1,10,0,0,7,0.000000,0.460000
7760.797604,0.483889,1,0,5,2,2,9,0,0,7,0.000000,0.460000
6016.481594,0.483889,1,0,5,2,2,10,0,0,6,0.000000,0.460000
7963.265000,0.483889,1,0,5,2,2,10,0,0,8,0.000000,0.460000
8030.208151,0.483889,1,0,5,2,2,8,0,0,6,0.000000,0.460000
6795.677227,0.483889,1,0,4,2,2,8,0,0,7,0.000000,0.460000
7203.614826,0.489722,1,2,4,2,0,4,0,0,6,0.000000,0.460000
5702.209335,0.345556,1,0,5,2,0,10,1,0,5,0.114444,0.460000
5164.141168,0.345556,1,0,5,2,2,9,1,0,5,0.114444,0.460000
5665.846470,0.345556,1,0,5,2,0,9,1,0,5,0.114444,0.460000
4247.862364,0.043393,1,0,5,2,2,9,1,0,8,0.416607,0.460000
7773.286462,0.489722,1,2,5,2,2,9,0,0,5,0.000000,0.460000
4360.982343,0.043393,1,0,5,2,2,9,1,1,8,0.416607,0.460000
4333.591856,0.043393,1,0,2,2,2,9,1,0,10,0.416607,0.460000
5296.551405,0.345556,1,0,5,2,2,3,1,0,5,0.114444,0.460000
5804.772483,0.345556,1,0,5,2,1,9,1,0,5,0.114444,0.460000
5824.363277,0.428889,1,0,5,2,2,9,1,0,4,0.031111,0.460000
5584.951342,0.345556,2,0,5,2,2,9,1,0,5,0.114444,0.460000
7305.460866,0.397282,2,1,1,2,2,7,0,1,7,0.062718,0.460000
6914.960753,0.447980,1,1,5,1,1,9,1,0,2,0.012020,0.460000
5329.314407,0.320556,1,1,5,2,2,9,1,0,5,0.139444,0.460000
5825.936359,0.345556,2,0,2,2,2,1,1,0,5,0.114444,0.460000
6851.444495,0.018393,0,0,4,0,0,1,0,1,1,0.441607,0.460000
4788.899041,0.250000,1,0,5,2,2,8,1,0,6,0.210000,0.460000
6123.817639,0.428889,1,0,5,2,2,10,1,0,4,0.031111,0.460000
7335.086364,0.483889,1,0,5,2,2,9,0,0,5,0.000000,0.460000
6331.934228,0.428889,1,0,5,2,2,8,1,0,4,0.031111,0.460000
7860.666422,0.493813,2,2,5,0,0,3,0,0,2,0.000000,0.460000
5324.651656,0.345556,1,0,5,2,2,10,1,0,5,0.114444,0.460000
6735.700358,0.330556,1,0,5,1,0,9,1,0,5,0.129444,0.460000
5334.097098,0.035556,1,2,5,1,1,7,0,1,3,0.424444,0.460000
5687.204005,0.345556,1,0,5,2,2,4,1,0,5,0.114444,0.460000
6903.959492,0.458889,1,0,5,2,2,8,1,0,3,0.001111,0.460000
7223.192255,0.241373,1,1,5,1,0,2,0,1,6,0.218627,0.460000
6229.572874,0.010556,0,2,4,0,0,7,1,1,10,0.449444,0.460000
5199.785815,0.345556,1,0,2,2,2,9,1,0,5,0.114444,0.460000
6059.453979,0.345556,1,0,4,2,2,9,1,0,5,0.114444,0.460000
7791.521876,0.181726,1,0,5,2,2,9,0,1,5,0.278274,0.460000
5937.580753,0.018393,1,1,1,2,2,10,1,0,8,0.441607,0.460000
8934.551335,0.413889,2,0,3,0,0,5,1,0,4,0.046111,0.460000
5246.123818,0.105000,1,0,5,2,2,9,1,0,7,0.355000,0.460000
8556.147475,0.472980,1,0,5,2,0,5,0,0,5,0.000000,0.460000
5563.720203,0.345556,1,0,5,2,2,6,1,0,5,0.114444,0.460000
5667.310732,0.345556,0,0,5,2,2,10,1,0,5,0.114444,0.460000
7794.613028,0.291035,1,2,2,1,1,8,0,1,6,0.168965,0.460000
7623.239858,0.485480,0,2,4,1,0,1,0,0,6,0.000000,0.460000
7481.259164,0.485480,0,2,4,1,0,1,0,0,5,0.000000,0.460000
7782.004137,0.485480,0,2,1,1,0,1,0,0,5,0.000000,0.460000
8245.934207,0.460480,0,2,4,2,0,1,0,0,5,0.000000,0.460000
5004.379188,0.005556,0,2,3,1,2,10,1,0,8,0.454444,0.460000
4432.810264,0.031250,1,1,1,2,1,9,1,1,7,0.428750,0.460000
7979.283414,0.485480,0,2,4,1,0,1,0,0,4,0.000000,0.460000
6362.091860,0.286944,1,2,1,2,0,8,0,1,6,0.173056,0.460000
5409.142332,0.031250,1,1,5,1,1,1,1,1,5,0.428750,0.460000
7661.322802,0.485480,0,2,4,1,0,2,0,0,5,0.000000,0.460000
7589.096617,0.469091,2,0,2,2,0,2,0,0,3,0.000000,0.460000
7639.632901,0.485480,0,2,5,0,0,10,1,0,2,0.000000,0.460000
4529.055263,0.031250,1,1,3,2,1,8,0,1,2,0.428750,0.460000
6636.847416,0.485480,0,2,4,1,1,1,0,0,5,0.000000,0.460000
6536.926717,0.485480,0,2,4,1,1,2,0,0,6,0.000000,0.460000
6030.343198,0.485480,0,2,4,1,1,1,0,0,6,0.000000,0.460000
7930.496243,0.485480,0,2,5,1,1,1,0,0,6,0.000000,0.460000
8038.648426,0.485480,0,2,5,1,1,2,0,0,6,0.000000,0.460000
8077.471394,0.485480,0,2,3,1,1,1,0,0,6,0.000000,0.460000
6116.716962,0.485480,0,2,4,1,1,3,0,0,6,0.000000,0.460000
8082.602170,0.485480,0,2,4,1,1,1,0,0,8,0.000000,0.460000
8143.001436,0.485480,0,2,4,1,1,2,0,0,4,0.000000,0.460000
7371.629213,0.485480,0,2,2,1,1,1,0,0,5,0.000000,0.460000
6625.617783,0.485480,0,2,5,1,1,1,0,0,5,0.000000,0.460000
6933.441390,0.485480,0,2,4,0,1,1,0,0,6,0.000000,0.460000
6382.694602,0.485480,0,2,4,1,1,1,0,0,7,0.000000,0.460000
6472.899644,0.485480,0,2,4,1,1,2,0,0,7,0.000000,0.460000
6112.372669,0.485480,0,2,4,1,2,2,0,0,7,0.000000,0.460000
7587.827440,0.460480,0,2,4,2,1,1,0,0,6,0.000000,0.460000
6381.702592,0.444091,0,1,4,1,1,1,0,0,4,0.015909,0.460000
6194.147663,0.485480,0,2,4,1,1,4,0,0,6,0.000000,0.460000
6710.603584,0.444091,0,1,4,1,1,1,0,0,6,0.015909,0.460000
6625.599631,0.485480,0,2,4,1,1,4,0,0,8,0.000000,0.460000
6576.675207,0.485480,0,2,4,1,1,1,0,0,4,0.000000,0.460000
7588.164988,0.485480,0,2,5,1,1,3,0,0,6,0.000000,0.460000
6317.145692,0.485480,1,2,4,1,1,2,0,0,6,0.000000,0.460000
7273.567068,0.485480,0,2,3,1,1,1,0,0,5,0.000000,0.460000
6544.848760,0.485480,0,2,4,1,1,2,0,0,8,0.000000,0.460000
6231.472799,0.485480,0,2,3,1,2,1,0,0,6,0.000000,0.460000
5763.992252,0.485480,0,2,4,1,2,1,0,0,5,0.000000,0.460000
6518.234366,0.485480,0,2,4,1,2,1,0,0,4,0.000000,0.460000
6750.605669,0.485480,0,2,4,1,2,2,0,0,4,0.000000,0.460000
7196.069285,0.485480,0,2,4,1,2,2,0,0,5,0.000000,0.460000
6306.650094,0.485480,0,2,4,0,2,2,0,0,5,0.000000,0.460000
5789.341351,0.485480,0,2,3,1,2,1,0,0,5,0.000000,0.460000
6508.628992,0.485480,0,2,5,1,2,1,0,0,6,0.000000,0.460000
6445.960630,0.481389,0,2,3,2,2,1,0,0,5,0.000000,0.460000
6309.456534,0.485480,0,2,4,1,2,1,0,0,6,0.000000,0.460000
6300.876477,0.485480,0,2,5,1,2,1,0,0,5,0.000000,0.460000
6526.789675,0.485480,0,2,4,1,2,1,0,0,7,0.000000,0.460000
5789.391024,0.485480,0,2,4,1,2,1,0,0,2,0.000000,0.460000
5958.115581,0.485480,0,2,4,1,2,3,0,0,5,0.000000,0.460000
5507.145755,0.031250,0,1,5,1,1,1,1,1,0,0.428750,0.460000
8378.936245,0.485480,2,2,5,0,2,1,0,0,5,0.000000,0.460000
7290.387389,0.485480,0,2,4,1,2,2,0,0,6,0.000000,0.460000
7414.771154,0.444091,0,1,4,1,2,1,0,0,5,0.015909,0.460000
7117.616286,0.444091,0,1,5,1,2,1,0,0,4,0.015909,0.460000
4630.313859,0.056250,2,0,2,2,2,9,1,0,10,0.403750,0.460000
8262.464362,0.444091,2,1,5,0,1,1,0,0,3,0.015909,0.460000
6899.096235,0.485480,0,2,4,1,2,1,0,0,8,0.000000,0.460000
8232.772016,0.469091,2,0,3,0,1,3,0,0,8,0.000000,0.460000
6496.314671,0.031250,2,1,3,0,1,3,1,0,8,0.428750,0.460000
5617.338327,0.075000,1,1,5,1,0,9,1,0,7,0.385000,0.460000
6590.855755,0.075000,2,1,1,1,0,5,1,0,7,0.385000,0.460000
9093.295325,0.469091,2,0,3,0,1,3,0,0,9,0.000000,0.460000
7992.891425,0.469091,2,0,3,0,1,3,0,0,7,0.000000,0.460000
8794.768896,0.444091,2,1,3,0,1,3,0,0,7,0.015909,0.460000
8396.764370,0.469091,2,0,3,0,0,3,0,0,7,0.000000,0.460000
8768.982072,0.469091,2,0,3,0,1,2,0,0,7,0.000000,0.460000
8032.383781,0.469091,2,0,4,0,1,4,0,0,7,0.000000,0.460000
8135.552015,0.469091,2,0,2,0,1,3,0,0,7,0.000000,0.460000
6822.292853,0.469091,2,0,2,1,1,3,0,0,7,0.000000,0.460000
7014.407534,0.469091,2,0,2,1,1,2,0,0,8,0.000000,0.460000
7104.966304,0.469091,2,0,2,1,1,3,0,0,6,0.000000,0.460000
7014.316756,0.469091,2,0,2,1,1,5,0,0,5,0.000000,0.460000
7128.041707,0.469091,2,0,2,1,1,2,0,0,7,0.000000,0.460000
7229.852293,0.469091,2,0,2,1,1,4,0,0,7,0.000000,0.460000
6993.212290,0.469091,2,0,1,1,1,3,0,0,4,0.000000,0.460000
7314.174004,0.469091,1,0,1,1,1,3,0,0,7,0.000000,0.460000
6535.595025,0.031250,0,1,3,0,0,2,1,1,3,0.428750,0.460000
5493.108397,0.075000,2,0,2,1,1,3,1,0,7,0.385000,0.460000
5874.452834,0.455000,0,1,2,2,2,9,0,0,10,0.005000,0.460000
7923.151774,0.444091,1,1,1,0,1,8,0,1,10,0.015909,0.460000
7727.583227,0.173674,0,0,4,0,0,6,0,1,5,0.286326,0.460000
5720.294198,0.173674,1,0,5,1,2,2,0,1,5,0.286326,0.460000
7537.483241,0.485480,1,2,4,0,1,5,0,0,3,0.000000,0.460000
5127.092338,0.031250,1,1,3,1,2,9,1,1,5,0.428750,0.460000
6025.430343,0.455000,0,1,3,2,2,9,0,0,10,0.005000,0.460000
6361.871850,0.455000,0,1,2,2,2,10,0,0,10,0.005000,0.460000
6367.104131,0.455000,0,1,2,2,2,8,0,0,10,0.005000,0.460000
7478.191025,0.485480,1,2,3,0,2,7,0,0,1,0.000000,0.460000
4239.651400,0.031250,1,1,2,2,2,8,1,0,10,0.428750,0.460000
7678.656443,0.485480,1,2,1,0,0,5,0,0,0,0.000000,0.460000
8127.622058,0.484091,2,0,1,2,0,7,0,0,3,0.000000,0.460000
6406.717741,0.455000,0,1,2,2,2,9,0,0,8,0.005000,0.460000
5871.853811,0.075000,1,0,1,1,0,7,1,0,7,0.385000,0.460000
5905.334712,0.455000,2,1,2,2,2,9,0,0,10,0.005000,0.460000
4471.717197,0.225000,2,1,5,2,2,1,1,0,6,0.235000,0.460000
5882.720797,0.455000,0,1,2,2,2,10,0,0,9,0.005000,0.460000
7912.568299,0.444091,1,1,1,1,0,3,0,0,8,0.015909,0.460000
6821.094129,0.455000,0,1,2,2,2,9,0,0,9,0.005000,0.460000
5531.129992,0.031250,1,0,5,2,0,4,0,1,1,0.428750,0.460000
7872.009801,0.444091,1,1,2,0,2,9,0,0,10,0.015909,0.460000
5843.422281,0.455000,0,1,1,2,2,8,0,0,10,0.005000,0.460000
6546.658913,0.455000,0,1,2,2,2,8,0,0,8,0.005000,0.460000
6235.801570,0.455000,0,1,1,2,2,8,0,0,9,0.005000,0.460000
6034.283028,0.481389,0,2,1,2,2,8,0,0,10,0.000000,0.460000
7165.473353,0.455000,0,1,1,2,2,7,0,0,10,0.005000,0.460000
6337.419996,0.455000,0,1,1,2,2,10,0,0,10,0.005000,0.460000
6744.790230,0.455000,0,1,1,2,1,8,0,0,10,0.005000,0.460000
7678.535131,0.444091,0,1,1,1,2,8,0,0,10,0.015909,0.460000
7401.229959,0.455000,0,1,1,2,2,9,0,0,10,0.005000,0.460000
7819.461812,0.444091,1,1,2,1,1,5,0,0,7,0.015909,0.460000
7931.738122,0.235480,2,2,2,1,1,6,0,1,5,0.224520,0.460000
7366.857203,0.455000,0,1,1,2,2,8,0,0,5,0.005000,0.460000
7850.297404,0.444091,0,1,4,1,2,8,0,0,4,0.015909,0.460000
7149.021871,0.455000,0,1,1,2,2,9,0,0,9,0.005000,0.460000
6736.442359,0.326667,0,0,2,1,0,5,1,0,5,0.133333,0.460000
5347.051239,0.030556,2,2,4,1,2,7,1,1,7,0.429444,0.460000
8499.909856,0.444091,0,1,1,0,1,6,0,1,9,0.015909,0.460000
7260.442519,0.090341,1,1,2,0,0,6,0,1,4,0.369659,0.460000
7655.257602,0.444091,0,1,1,0,1,6,0,1,8,0.015909,0.460000
8966.581653,0.444091,0,1,1,0,1,5,0,1,8,0.015909,0.460000
8159.092663,0.275341,2,0,4,0,0,5,0,1,6,0.184659,0.460000
8735.919503,0.444091,1,1,4,0,1,6,0,1,8,0.015909,0.460000
7385.894117,0.400341,0,1,1,0,1,5,0,1,7,0.059659,0.460000
8785.993786,0.444091,0,1,1,0,1,4,0,1,8,0.015909,0.460000
7922.645002,0.275341,1,0,1,0,1,3,0,1,6,0.184659,0.460000
7831.512716,0.400341,0,1,1,1,1,5,0,1,7,0.059659,0.460000
7231.092868,0.400341,0,1,1,1,0,5,0,1,7,0.059659,0.460000
7101.557466,0.090341,0,1,1,1,0,5,0,1,4,0.369659,0.460000
7152.884279,0.173674,0,1,2,1,0,5,0,1,5,0.286326,0.460000
7768.918728,0.444091,0,1,1,1,0,5,0,1,8,0.015909,0.460000
7633.621154,0.400341,0,1,1,1,0,4,0,1,7,0.059659,0.460000
8159.344245,0.484289,0,2,2,0,2,10,0,0,7,0.000000,0.460000
7291.801088,0.250341,0,1,1,1,0,5,0,1,6,0.209659,0.460000
7626.805848,0.400341,0,1,1,1,0,3,0,1,7,0.059659,0.460000
6141.402770,0.440000,1,1,4,1,2,6,0,0,0,0.020000,0.460000
4409.386785,0.031250,1,1,4,1,2,3,1,0,9,0.428750,0.460000
5365.107151,0.031250,2,1,1,0,2,4,1,1,6,0.428750,0.460000
6289.543928,0.480198,2,2,5,2,1,9,0,0,9,0.000000,0.460000
6098.149769,0.480000,1,0,3,2,2,3,0,0,8,0.000000,0.460000
5824.198216,0.385000,2,1,4,2,1,2,1,0,4,0.075000,0.460000
7291.910436,0.469091,0,0,1,0,2,1,0,0,10,0.000000,0.460000
6684.029061,0.031250,0,0,5,0,0,6,1,1,9,0.428750,0.460000
6489.659662,0.469091,1,0,3,1,2,2,0,1,10,0.000000,0.460000
6069.614331,0.031250,0,0,3,0,2,5,1,1,0,0.428750,0.460000
7936.130913,0.484289,0,2,2,0,1,9,1,0,0,0.000000,0.460000
4122.185067,0.030556,2,2,4,2,0,9,1,1,2,0.429444,0.460000
6243.934730,0.440000,1,1,4,1,2,5,0,1,9,0.020000,0.460000
6915.023614,0.031250,2,1,5,0,0,1,0,1,2,0.428750,0.460000
8225.590142,0.465000,2,0,4,0,2,5,0,0,0,0.000000,0.460000
5837.569302,0.400000,2,1,4,2,1,9,1,0,4,0.060000,0.460000
6302.688550,0.444091,2,1,4,2,1,1,1,0,1,0.015909,0.460000
4440.835494,0.081250,2,0,4,2,1,9,0,1,3,0.378750,0.460000
5546.174197,0.005556,1,2,5,0,1,8,0,1,0,0.454444,0.460000
4362.247196,0.056250,1,0,5,2,2,10,1,1,2,0.403750,0.460000
6923.692105,0.419091,2,1,4,2,1,1,1,0,3,0.040909,0.460000
6922.729298,0.484289,1,2,3,1,1,10,1,0,2,0.000000,0.460000
5158.171920,0.225000,2,1,4,2,1,2,1,0,6,0.235000,0.460000
5992.392880,0.385000,2,1,4,2,1,1,1,0,4,0.075000,0.460000
5008.114744,0.160556,1,2,2,2,2,8,0,1,4,0.299444,0.460000
6849.589355,0.419091,2,1,4,2,1,2,1,0,3,0.040909,0.460000
6183.196293,0.031250,1,1,2,1,0,4,1,0,9,0.428750,0.460000
8201.627879,0.469091,2,0,1,2,0,1,0,1,10,0.000000,0.460000
7328.431389,0.455000,0,1,4,2,0,8,0,0,9,0.005000,0.460000
4300.739781,0.031250,2,1,4,2,2,7,1,1,4,0.428750,0.460000
6250.690899,0.385000,1,1,4,2,1,2,1,0,4,0.075000,0.460000
7860.070785,0.444091,2,1,4,1,2,1,0,0,10,0.015909,0.460000
7805.062300,0.419091,2,1,4,2,1,3,1,0,3,0.040909,0.460000
5663.809740,0.090341,2,1,5,2,1,5,0,1,4,0.369659,0.460000
8813.105117,0.385000,2,1,4,1,1,2,1,0,4,0.075000,0.460000
6714.403705,0.075000,2,1,5,2,0,6,1,0,7,0.385000,0.460000
7904.966845,0.419091,2,1,4,1,2,2,1,0,3,0.040909,0.460000
5470.133307,0.056250,0,0,4,2,2,7,1,1,7,0.403750,0.460000
4588.602518,0.100000,2,2,3,2,1,9,1,0,7,0.360000,0.460000
5859.941245,0.031250,0,1,5,2,0,9,1,1,1,0.428750,0.460000
4825.487657,0.031250,0,1,5,2,0,10,1,1,2,0.428750,0.460000
6003.732469,0.031250,0,1,5,2,0,5,1,1,2,0.428750,0.460000
9718.877533,0.444091,1,1,5,1,0,7,0,1,9,0.015909,0.460000
8882.537418,0.444091,2,1,4,1,1,5,0,1,10,0.015909,0.460000
7578.357426,0.484289,2,2,1,1,2,7,1,0,0,0.000000,0.460000
6060.738993,0.031250,1,1,3,1,1,8,1,1,1,0.428750,0.460000
7847.418920,0.444091,0,1,4,1,0,8,1,0,2,0.015909,0.460000
7780.176930,0.484289,2,2,1,0,2,7,1,0,0,0.000000,0.460000
6375.903961,0.485480,2,2,1,1,2,6,1,0,2,0.000000,0.460000
7904.360038,0.485480,2,2,1,1,2,6,1,0,1,0.000000,0.460000
6328.472151,0.310754,0,2,5,2,0,6,0,1,6,0.149246,0.460000
8275.267839,0.485480,2,2,1,1,2,3,1,0,2,0.000000,0.460000
6851.352489,0.031250,2,0,3,0,2,6,1,1,6,0.428750,0.460000
8417.209614,0.485480,2,2,2,1,2,6,1,0,2,0.000000,0.460000
7696.615266,0.484289,2,2,4,1,0,3,1,0,1,0.000000,0.460000
6974.802087,0.460480,2,2,1,1,2,6,1,0,3,0.000000,0.460000
7016.786357,0.485480,0,2,2,0,2,2,0,1,9,0.000000,0.460000
5973.921904,0.260480,2,2,2,1,2,1,0,1,5,0.199520,0.460000
6237.121732,0.485480,2,2,1,1,2,5,1,0,2,0.000000,0.460000
7672.849517,0.485480,2,2,1,1,2,5,1,0,1,0.000000,0.460000
7987.524584,0.484289,2,2,2,1,1,5,1,0,2,0.000000,0.460000
6548.016684,0.376389,2,2,1,1,2,5,1,0,4,0.083611,0.460000
7902.587699,0.485480,2,2,1,1,2,4,1,0,2,0.000000,0.460000
6991.194913,0.459289,2,2,1,1,2,7,1,0,3,0.000711,0.460000
8128.773228,0.485480,2,2,1,0,2,5,1,0,0,0.000000,0.460000
7379.852976,0.460480,2,2,1,1,2,5,1,0,3,0.000000,0.460000
7027.905762,0.485480,2,2,1,1,2,5,1,0,0,0.000000,0.460000
7902.107623,0.485480,2,2,2,1,2,5,1,0,0,0.000000,0.460000
6592.412143,0.459289,2,2,1,1,1,5,1,0,3,0.000711,0.460000
4315.231648,0.055556,2,2,3,2,2,8,1,1,7,0.404444,0.460000
7716.129120,0.114646,2,2,1,0,0,3,0,1,4,0.345354,0.460000
6808.448538,0.031250,2,1,3,1,0,4,1,1,4,0.428750,0.460000
6223.740297,0.485480,1,2,1,1,2,5,1,0,2,0.000000,0.460000
7898.489336,0.484289,1,2,1,1,0,5,0,0,2,0.000000,0.460000
7982.012044,0.485480,1,2,1,1,2,5,0,0,2,0.000000,0.460000
7150.981839,0.485480,2,2,4,1,2,5,1,0,2,0.000000,0.460000
4294.824571,0.055556,1,2,1,2,2,5,1,1,2,0.404444,0.460000
6845.130776,0.485480,0,2,1,1,2,5,1,0,2,0.000000,0.460000
7852.124003,0.485480,1,2,1,1,2,6,1,0,2,0.000000,0.460000
6752.970676,0.485480,1,2,1,1,2,4,1,0,2,0.000000,0.460000
7755.557885,0.460480,1,2,1,1,2,5,1,0,3,0.000000,0.460000
5498.225151,0.031250,1,1,3,2,1,3,1,1,4,0.428750,0.460000
9033.822518,0.444091,0,1,1,0,2,10,0,0,6,0.015909,0.460000
7712.107008,0.480198,1,2,1,2,2,5,1,0,2,0.000000,0.460000
6305.641479,0.480198,1,2,5,2,2,5,1,0,2,0.000000,0.460000
6862.195680,0.485480,1,2,1,1,2,5,1,0,1,0.000000,0.460000
6056.502167,0.255198,1,2,3,2,0,9,0,1,5,0.204802,0.460000
7515.664153,0.480198,2,2,4,2,0,10,0,0,7,0.000000,0.460000
7616.651688,0.485480,1,2,3,1,2,5,1,0,2,0.000000,0.460000
5339.698650,0.013248,1,2,1,1,2,5,1,1,2,0.446752,0.460000
8158.928042,0.459289,1,2,1,1,2,7,1,0,3,0.000711,0.460000
4987.407898,0.031250,2,1,3,2,1,9,1,1,6,0.428750,0.460000
7911.141134,0.485480,0,2,1,1,2,4,1,0,2,0.000000,0.460000
6882.659126,0.460480,0,2,1,1,2,5,1,0,3,0.000000,0.460000
6817.412544,0.376389,1,2,1,0,2,5,1,0,4,0.083611,0.460000
6420.589230,0.485480,1,2,1,1,2,5,1,0,0,0.000000,0.460000
8252.332261,0.444091,1,1,4,0,2,8,0,0,8,0.015909,0.460000
5859.477019,0.485480,1,2,2,1,2,5,1,0,2,0.000000,0.460000
8566.536149,0.031250,1,0,4,1,0,2,1,1,4,0.428750,0.460000
7772.290053,0.480000,0,0,3,2,1,9,1,0,1,0.000000,0.460000
7167.398978,0.469091,1,0,5,1,2,10,1,0,0,0.000000,0.460000
9190.632382,0.469091,2,0,5,1,2,10,1,0,0,0.000000,0.460000
8680.648702,0.469091,1,0,5,1,2,10,0,0,0,0.000000,0.460000
6033.193200,0.005556,0,2,1,1,0,7,0,1,2,0.454444,0.460000
7477.799480,0.484289,1,2,5,1,1,5,0,0,8,0.000000,0.460000
6419.392970,0.480198,2,2,4,2,2,6,0,0,0,0.000000,0.460000
5647.676365,0.111250,2,0,4,2,2,2,0,1,4,0.348750,0.460000
5506.401831,0.005556,2,2,1,1,1,9,1,1,1,0.454444,0.460000
7670.329327,0.480198,2,2,4,2,2,1,0,0,0,0.000000,0.460000
4800.843180,0.056250,0,0,1,2,2,3,1,1,9,0.403750,0.460000
8183.521982,0.480198,0,2,5,2,2,2,1,0,0,0.000000,0.460000
7678.172739,0.031250,0,1,1,1,0,2,0,1,2,0.428750,0.460000
8560.350525,0.480198,2,2,4,2,2,3,1,0,0,0.000000,0.460000
5246.591272,0.012698,2,2,5,2,1,2,1,1,3,0.447302,0.460000
5161.423544,0.038248,2,2,1,0,2,1,1,1,5,0.421752,0.460000
7138.738833,0.480198,2,2,4,2,2,6,0,0,6,0.000000,0.460000
6656.222700,0.237341,0,2,3,2,1,2,0,1,5,0.222659,0.460000
6205.418776,0.031250,2,0,5,1,0,10,1,0,9,0.428750,0.460000
6985.261800,0.480198,2,2,4,2,2,8,0,0,0,0.000000,0.460000
8472.412728,0.484289,2,2,4,1,0,10,0,0,2,0.000000,0.460000
7558.838040,0.469091,1,0,4,0,2,4,1,0,0,0.000000,0.460000
7859.113176,0.480198,2,2,4,2,2,6,1,0,0,0.000000,0.460000
6059.939894,0.031250,1,0,1,1,2,3,0,1,2,0.428750,0.460000
7117.700371,0.480198,2,2,4,2,2,5,0,0,0,0.000000,0.460000
8389.211474,0.444091,2,1,1,1,1,3,0,0,0,0.015909,0.460000
6934.679262,0.480198,2,2,5,2,2,7,0,0,0,0.000000,0.460000
8045.924577,0.485480,0,2,3,1,2,6,0,1,9,0.000000,0.460000
5171.168763,0.038248,2,2,3,0,2,1,1,1,7,0.421752,0.460000
4663.532425,0.031250,1,1,3,2,1,9,0,1,0,0.428750,0.460000
6680.913842,0.480198,2,2,4,2,2,1,1,0,0,0.000000,0.460000
6821.719362,0.455000,1,1,5,2,1,8,0,0,1,0.005000,0.460000
6431.993563,0.173674,0,1,2,2,1,1,0,1,5,0.286326,0.460000
4253.449174,0.055556,2,2,4,2,2,6,0,1,0,0.404444,0.460000
8514.190041,0.484289,0,2,5,1,2,10,0,0,8,0.000000,0.460000
7851.733043,0.480198,2,2,3,2,2,6,0,0,0,0.000000,0.460000
7857.711431,0.301667,1,1,2,0,0,3,1,0,5,0.158333,0.460000
5447.241556,0.031250,0,1,3,1,2,3,1,1,5,0.428750,0.460000
8159.867399,0.480198,2,2,2,2,2,7,0,0,0,0.000000,0.460000
7594.952137,0.444091,1,1,4,1,0,8,0,0,8,0.015909,0.460000
7791.537474,0.480198,2,2,4,2,2,10,0,0,0,0.000000,0.460000
6190.529653,0.173674,2,0,4,1,2,1,0,1,5,0.286326,0.460000
8453.729977,0.410000,2,0,5,0,2,7,1,0,4,0.050000,0.460000
7644.924299,0.485480,2,2,4,1,2,6,0,0,0,0.000000,0.460000
6332.733665,0.090341,2,1,3,1,2,2,0,1,4,0.369659,0.460000
6513.967314,0.480198,2,2,4,2,2,6,0,0,1,0.000000,0.460000
8075.616836,0.400341,2,1,3,1,0,5,0,1,7,0.059659,0.460000
7864.313514,0.465000,1,0,4,1,2,6,1,0,0,0.000000,0.460000
7713.791746,0.480198,2,2,5,2,2,10,0,0,0,0.000000,0.460000
7157.790454,0.444091,0,1,1,1,2,10,0,1,8,0.015909,0.460000
8198.058353,0.455000,2,1,4,2,2,5,0,0,0,0.005000,0.460000
6438.542484,0.480198,0,2,3,2,2,6,0,0,0,0.000000,0.460000
8439.696031,0.444091,2,1,2,1,2,4,0,0,0,0.015909,0.460000
8741.302264,0.469091,0,0,1,0,2,9,0,1,8,0.000000,0.460000
7837.992425,0.444091,1,1,3,0,1,4,1,0,2,0.015909,0.460000
6479.108772,0.480000,2,0,1,2,0,9,1,0,0,0.000000,0.460000
6616.479732,0.480198,2,2,5,2,2,6,0,0,0,0.000000,0.460000
6577.977826,0.005556,2,2,2,1,0,10,0,1,0,0.454444,0.460000
8470.566604,0.469091,0,0,2,1,1,2,0,0,8,0.000000,0.460000
8816.523300,0.469091,0,0,5,1,1,2,0,0,8,0.000000,0.460000
7031.453406,0.480000,0,0,2,2,2,2,0,0,6,0.000000,0.460000
7391.931629,0.480000,0,0,2,2,2,1,0,0,6,0.000000,0.460000
8069.765751,0.444091,1,0,2,1,2,9,1,0,3,0.015909,0.460000
7658.255384,0.469091,0,0,4,1,2,9,0,0,10,0.000000,0.460000
7083.577697,0.480198,1,2,3,2,2,9,0,0,7,0.000000,0.460000
6514.961002,0.485480,0,2,3,1,2,1,0,0,6,0.000000,0.460000
5016.760735,0.031250,0,1,3,2,0,9,1,1,5,0.428750,0.460000
7500.806706,0.031250,2,0,3,0,2,7,1,1,4,0.428750,0.460000
6373.116315,0.485480,0,2,2,1,2,1,0,0,6,0.000000,0.460000
7729.803134,0.485480,0,2,2,1,2,1,0,0,8,0.000000,0.460000
8275.289788,0.485480,0,2,1,0,2,1,0,0,6,0.000000,0.460000
7548.412669,0.430000,2,1,2,2,1,10,1,0,3,0.030000,0.460000
7988.727581,0.031250,1,0,3,0,0,9,1,0,10,0.428750,0.460000
7112.109138,0.485480,0,2,2,1,2,2,0,0,6,0.000000,0.460000
8324.089335,0.484289,2,2,3,0,1,10,1,0,2,0.000000,0.460000
7097.587345,0.485480,0,2,1,1,2,1,0,0,6,0.000000,0.460000
6797.943895,0.075000,2,0,2,2,0,4,1,0,7,0.385000,0.460000
5887.132438,0.055556,1,2,5,1,2,9,0,1,3,0.404444,0.460000
6864.334223,0.485480,0,2,1,1,2,1,0,0,5,0.000000,0.460000
7257.688463,0.480198,0,2,3,2,2,4,1,0,2,0.000000,0.460000
7382.718719,0.484289,0,2,2,1,2,7,0,0,6,0.000000,0.460000
7896.246876,0.485480,0,2,2,1,2,1,0,0,5,0.000000,0.460000
8063.157764,0.480000,2,0,4,2,2,9,0,0,4,0.000000,0.460000
8350.402280,0.484289,1,2,5,1,0,3,1,0,2,0.000000,0.460000
7134.268160,0.485480,0,2,2,1,2,1,0,0,7,0.000000,0.460000
6233.138286,0.075000,0,2,3,2,0,4,1,0,7,0.385000,0.460000
8468.183055,0.410000,0,0,3,0,0,1,1,0,4,0.050000,0.460000
8200.293148,0.485480,0,2,2,1,2,1,0,0,3,0.000000,0.460000
5198.525651,0.200000,1,2,3,2,1,5,1,0,6,0.260000,0.460000
6924.057075,0.485480,0,2,2,1,2,1,0,0,4,0.000000,0.460000
5283.932536,0.316667,2,1,3,2,2,1,1,0,5,0.143333,0.460000
6856.380035,0.031250,2,0,2,0,2,7,1,1,4,0.428750,0.460000
7522.689849,0.485480,2,2,2,1,2,1,0,0,6,0.000000,0.460000
5664.956017,0.316667,2,1,3,2,2,4,1,0,5,0.143333,0.460000
6115.650151,0.030556,2,2,4,0,1,3,0,1,3,0.429444,0.460000
7618.890882,0.480198,0,2,3,2,2,2,0,0,4,0.000000,0.460000
6207.698270,0.225000,0,1,2,1,2,1,1,0,6,0.235000,0.460000
7876.199076,0.480198,2,2,2,2,2,2,0,1,10,0.000000,0.460000
8648.286631,0.480198,1,2,2,2,2,6,0,0,4,0.000000,0.460000
6624.492669,0.485480,0,2,4,1,2,3,0,0,4,0.000000,0.460000
8350.853353,0.440000,0,1,4,1,2,5,0,0,8,0.020000,0.460000
8022.408229,0.485480,0,2,2,1,2,2,0,0,9,0.000000,0.460000
7200.275637,0.250341,1,1,1,1,1,8,0,1,6,0.209659,0.460000
6243.567191,0.291035,1,2,2,1,2,1,0,1,6,0.168965,0.460000
7931.578653,0.455000,1,1,4,2,2,5,0,0,5,0.005000,0.460000
6684.085124,0.005556,0,2,3,1,0,3,1,1,4,0.454444,0.460000
6358.036950,0.291035,0,2,5,1,2,1,0,1,6,0.168965,0.460000
6896.268852,0.485480,1,2,3,1,2,6,0,0,4,0.000000,0.460000
7669.824729,0.485480,0,2,2,0,2,1,0,0,6,0.000000,0.460000
5396.830500,0.100000,0,2,5,2,0,8,1,0,7,0.360000,0.460000
7200.633729,0.484289,0,2,2,1,1,1,0,0,6,0.000000,0.460000
7159.470230,0.444091,0,1,2,1,2,2,0,0,7,0.015909,0.460000
7871.713006,0.485480,1,2,2,1,2,1,0,0,6,0.000000,0.460000
6986.188959,0.485480,0,2,2,1,2,3,0,0,6,0.000000,0.460000
6888.923762,0.485480,0,2,2,1,2,4,0,0,5,0.000000,0.460000
9712.821171,0.469091,0,0,5,0,1,8,0,0,1,0.000000,0.460000
5634.751179,0.100000,1,2,4,2,2,5,1,0,7,0.360000,0.460000
8778.966648,0.484289,2,2,1,1,0,4,1,0,0,0.000000,0.460000
8050.699842,0.484289,2,2,1,1,0,4,0,0,0,0.000000,0.460000
8492.374173,0.469091,2,0,1,1,0,4,1,0,0,0.000000,0.460000
7315.744336,0.485480,2,2,4,1,2,6,0,1,9,0.000000,0.460000
7439.125162,0.414845,2,2,4,1,1,6,0,1,7,0.045155,0.460000
7028.905706,0.480000,2,0,3,2,2,4,0,0,3,0.000000,0.460000
7448.717008,0.031250,2,1,2,0,0,3,1,1,6,0.428750,0.460000
7077.169594,0.444091,1,1,5,2,1,2,0,0,3,0.015909,0.460000
6368.067516,0.031250,0,0,3,1,1,6,1,1,8,0.428750,0.460000
5313.979141,0.081250,2,0,3,2,2,4,0,1,3,0.378750,0.460000
8096.906252,0.480000,2,0,2,2,2,4,0,0,3,0.000000,0.460000
8044.575238,0.291035,1,2,4,0,2,3,0,1,6,0.168965,0.460000
8242.224477,0.444091,0,1,3,0,1,2,0,1,9,0.015909,0.460000
6346.796133,0.455000,2,0,3,2,2,9,1,0,3,0.005000,0.460000
6799.584751,0.480198,2,2,3,2,2,9,0,0,3,0.000000,0.460000
6681.600351,0.455000,2,0,2,2,2,9,1,0,3,0.005000,0.460000
7577.400235,0.444091,2,0,3,1,2,9,1,0,3,0.015909,0.460000
6372.504857,0.455000,2,0,3,2,2,10,1,0,3,0.005000,0.460000
5451.109017,0.250000,2,0,1,2,2,9,1,0,6,0.210000,0.460000
8420.481900,0.484289,1,2,2,1,0,1,0,1,8,0.000000,0.460000
7422.781641,0.455198,2,2,3,2,2,9,1,0,3,0.004802,0.460000
8288.751417,0.484289,0,2,5,0,1,8,0,0,5,0.000000,0.460000
8286.041135,0.455000,2,0,3,2,2,7,1,0,3,0.005000,0.460000
7444.311962,0.455000,2,0,3,2,0,9,1,0,3,0.005000,0.460000
6487.973250,0.261250,0,1,5,2,2,6,0,1,6,0.198750,0.460000
8573.052882,0.469091,2,0,1,1,0,6,0,0,1,0.000000,0.460000
7119.495394,0.444091,2,0,1,1,2,9,1,0,3,0.015909,0.460000
5934.235505,0.261250,1,1,4,2,2,5,0,1,6,0.198750,0.460000
8129.629748,0.455000,2,0,3,2,2,8,1,0,3,0.005000,0.460000
4415.169022,0.055556,0,2,3,2,2,9,1,1,3,0.404444,0.460000
5566.688497,0.005556,2,2,3,1,1,1,0,1,2,0.454444,0.460000
5111.966128,0.250000,2,0,3,2,2,9,1,0,6,0.210000,0.460000
6064.018499,0.275341,1,0,5,1,2,3,0,1,6,0.184659,0.460000
7971.877051,0.400341,1,1,3,1,1,5,0,1,7,0.059659,0.460000
8309.189301,0.250341,1,1,1,0,0,2,0,1,6,0.209659,0.460000
6773.499341,0.480000,0,0,3,2,2,7,1,0,1,0.000000,0.460000
7572.788772,0.261250,1,1,4,2,2,4,0,1,6,0.198750,0.460000
5077.926734,0.056250,2,0,3,2,2,9,1,0,10,0.403750,0.460000
8150.388076,0.480000,2,0,3,2,2,10,1,0,2,0.000000,0.460000
8538.235653,0.455000,2,1,4,2,2,3,0,0,3,0.005000,0.460000
6176.335455,0.075000,2,2,4,0,1,6,1,0,7,0.385000,0.460000
8443.190290,0.455000,2,1,4,2,2,5,0,0,6,0.005000,0.460000
7968.110197,0.455000,1,0,3,2,2,9,1,0,3,0.005000,0.460000
7751.034245,0.484289,2,2,2,0,1,5,0,1,9,0.000000,0.460000
6887.157092,0.455000,2,1,3,2,2,4,0,0,5,0.005000,0.460000
7781.090464,0.455000,2,0,3,2,2,3,1,0,3,0.005000,0.460000
6785.702555,0.444091,1,1,3,1,2,3,0,0,6,0.015909,0.460000
8016.482129,0.425341,0,0,4,1,0,5,0,1,7,0.034659,0.460000
5490.058960,0.056250,2,0,3,2,0,9,1,1,3,0.403750,0.460000
7750.523604,0.440000,1,1,4,1,2,6,0,0,4,0.020000,0.460000
6460.725498,0.480000,2,0,3,2,2,9,1,0,2,0.000000,0.460000
7390.472109,0.326667,2,0,4,1,2,9,1,0,5,0.133333,0.460000
6244.677745,0.031250,2,0,3,1,2,7,0,1,2,0.428750,0.460000
8062.399960,0.444091,2,1,2,2,1,2,0,0,6,0.015909,0.460000
5810.889862,0.341667,2,0,3,2,2,8,1,0,5,0.118333,0.460000
7241.288318,0.484289,1,2,2,1,2,10,0,0,4,0.000000,0.460000
8898.516249,0.031250,1,0,5,0,1,9,1,1,3,0.428750,0.460000
7398.946747,0.031250,1,1,5,0,1,9,1,1,3,0.428750,0.460000
8340.051093,0.465000,1,0,5,1,2,5,0,0,6,0.000000,0.460000
4991.075261,0.005556,1,2,5,1,1,7,1,1,7,0.454444,0.460000
7277.990353,0.173674,1,0,3,1,2,10,0,1,5,0.286326,0.460000
8226.900478,0.465000,1,0,5,0,2,5,0,0,6,0.000000,0.460000
7734.491260,0.465000,1,0,4,0,2,5,0,0,6,0.000000,0.460000
8758.197176,0.469091,1,0,4,0,0,8,0,0,5,0.000000,0.460000
8205.817714,0.465000,1,0,3,0,2,5,0,0,6,0.000000,0.460000
8200.709166,0.465000,2,0,4,0,2,5,0,0,6,0.000000,0.460000
7876.546765,0.469091,1,0,4,0,2,3,0,0,6,0.000000,0.460000
7847.276778,0.485480,1,2,4,0,2,5,0,0,6,0.000000,0.460000
8243.749749,0.469091,1,0,4,0,2,4,0,0,6,0.000000,0.460000
8570.961829,0.469091,0,0,4,1,1,5,0,0,3,0.000000,0.460000
6488.158269,0.225000,1,0,3,1,2,5,1,0,6,0.235000,0.460000
8208.934761,0.465000,2,0,4,0,2,6,0,0,6,0.000000,0.460000
8648.890418,0.465000,1,0,4,0,2,5,0,0,5,0.000000,0.460000
8233.358270,0.465000,1,0,3,0,2,6,0,0,6,0.000000,0.460000
7558.651488,0.440000,1,1,4,0,2,5,0,0,6,0.020000,0.460000
7814.826748,0.440000,1,1,1,0,2,5,0,0,6,0.020000,0.460000
7260.953539,0.485480,1,2,4,0,2,4,0,0,6,0.000000,0.460000
5863.088823,0.291035,1,2,4,0,2,1,0,1,6,0.168965,0.460000
6417.591930,0.207692,1,2,4,0,2,4,1,0,6,0.252308,0.460000
6812.706847,0.200000,1,2,4,0,1,4,1,0,6,0.260000,0.460000
8053.701142,0.485480,1,2,4,0,2,1,0,0,6,0.000000,0.460000
7496.634560,0.485480,1,2,4,0,2,4,0,0,7,0.000000,0.460000
6128.499078,0.031250,1,0,1,0,2,2,1,1,5,0.428750,0.460000
7473.400008,0.484289,1,2,4,0,1,4,0,0,6,0.000000,0.460000
7368.263434,0.485480,2,2,1,0,2,4,0,0,1,0.000000,0.460000
7466.060200,0.485480,1,2,4,0,2,6,0,0,6,0.000000,0.460000
6918.203027,0.485480,1,2,4,1,2,4,0,0,6,0.000000,0.460000
7064.003704,0.485480,1,2,2,1,2,4,0,0,6,0.000000,0.460000
6931.075609,0.485480,2,2,4,1,2,4,0,0,10,0.000000,0.460000
5089.706622,0.013248,1,2,4,1,2,4,0,1,0,0.446752,0.460000
6716.236678,0.484289,1,2,4,1,2,7,0,0,6,0.000000,0.460000
7707.558473,0.484289,2,2,4,1,2,7,0,0,5,0.000000,0.460000
6461.737675,0.485480,1,2,4,1,2,1,0,0,6,0.000000,0.460000
6986.376690,0.485480,0,2,4,1,2,1,0,0,6,0.000000,0.460000
5623.451761,0.063248,1,2,5,1,2,1,0,1,3,0.396752,0.460000
7367.427137,0.484289,1,2,4,0,1,1,0,0,6,0.000000,0.460000
7341.205780,0.485480,2,2,4,1,2,6,0,0,0,0.000000,0.460000
7401.393614,0.444091,1,1,4,1,2,8,0,0,6,0.015909,0.460000
7451.288746,0.485480,1,2,2,1,2,1,0,0,6,0.000000,0.460000
7589.696785,0.444091,1,1,2,0,1,1,0,0,6,0.015909,0.460000
8430.125734,0.485480,1,2,4,1,2,1,0,0,0,0.000000,0.460000
8513.934488,0.444091,1,1,4,1,0,1,0,0,6,0.015909,0.460000
7178.740764,0.485480,2,2,4,1,2,1,0,0,6,0.000000,0.460000
8086.819024,0.469091,1,0,4,1,2,1,0,0,6,0.000000,0.460000
7686.645825,0.440000,1,1,2,1,2,6,1,0,0,0.020000,0.460000
5092.690481,0.038248,1,2,4,1,2,1,1,0,9,0.421752,0.460000
8091.061460,0.485480,1,2,4,1,2,1,0,0,7,0.000000,0.460000
8553.000842,0.484289,1,2,2,0,1,9,0,0,4,0.000000,0.460000
6000.802446,0.232692,1,2,5,1,2,1,1,0,6,0.227308,0.460000
5722.072572,0.232692,1,2,4,1,2,1,1,0,6,0.227308,0.460000
8217.624804,0.485480,1,2,4,1,2,1,0,0,8,0.000000,0.460000
7813.152319,0.444091,2,1,1,1,0,6,0,0,9,0.015909,0.460000
7692.698522,0.484289,1,2,4,1,2,10,0,0,6,0.000000,0.460000
6845.176268,0.484289,0,2,4,1,1,1,0,0,6,0.000000,0.460000
7482.322448,0.005556,1,2,3,0,0,8,1,1,5,0.454444,0.460000
7974.316032,0.075000,0,0,1,2,0,1,1,0,7,0.385000,0.460000
7423.431357,0.075000,0,0,2,2,0,2,1,0,7,0.385000,0.460000
6601.625316,0.031250,0,0,2,2,0,2,1,1,7,0.428750,0.460000
7533.998579,0.031250,2,1,1,1,0,2,1,1,9,0.428750,0.460000
7996.723023,0.484289,2,2,3,1,1,7,1,0,0,0.000000,0.460000
7251.520377,0.484289,2,2,3,1,1,7,1,0,1,0.000000,0.460000
6767.391334,0.031250,0,0,5,0,1,5,1,1,0,0.428750,0.460000
7489.229242,0.444091,2,1,3,1,1,7,1,0,1,0.015909,0.460000
7573.694468,0.484289,2,2,3,1,1,8,1,0,1,0.000000,0.460000
7322.409864,0.031250,2,1,2,1,0,7,1,1,4,0.428750,0.460000
7479.088353,0.484289,2,2,5,1,1,8,1,0,1,0.000000,0.460000
7412.837442,0.385000,1,1,1,0,1,2,1,0,4,0.075000,0.460000
8922.502137,0.484289,2,2,3,1,0,7,1,0,0,0.000000,0.460000
5381.593495,0.005556,0,2,3,1,0,10,0,1,0,0.454444,0.460000
6748.421954,0.480198,1,2,5,2,1,10,0,0,7,0.000000,0.460000
7804.823805,0.375198,2,2,4,0,1,6,1,0,4,0.084802,0.460000
6192.934775,0.031250,2,0,4,1,1,1,1,1,7,0.428750,0.460000
9190.813140,0.469091,1,0,3,0,0,7,0,0,6,0.000000,0.460000
4823.804465,0.056250,2,0,4,2,2,2,1,1,1,0.403750,0.460000
6856.985264,0.455000,1,1,5,2,1,10,0,0,7,0.005000,0.460000
6493.341719,0.031250,0,1,4,1,0,7,1,1,0,0.428750,0.460000
5900.389094,0.031250,2,0,1,0,2,3,1,0,10,0.428750,0.460000
6448.207919,0.480198,1,2,5,2,1,10,0,0,6,0.000000,0.460000
6917.819218,0.480198,1,2,4,2,1,10,0,0,6,0.000000,0.460000
8107.121913,0.455000,1,1,5,2,1,10,0,0,6,0.005000,0.460000
7384.652552,0.480198,1,2,5,2,1,10,0,0,5,0.000000,0.460000
6701.397347,0.480198,1,2,5,2,1,9,0,0,6,0.000000,0.460000
6275.960544,0.031250,2,0,2,2,0,5,1,1,2,0.428750,0.460000
6843.240105,0.480198,0,2,5,2,1,10,0,0,5,0.000000,0.460000
7076.393375,0.444091,0,1,5,1,1,2,0,0,9,0.015909,0.460000
5322.162701,0.225000,0,2,5,2,1,10,1,0,6,0.235000,0.460000
6895.277792,0.459289,2,2,3,1,0,10,1,0,3,0.000711,0.460000
7076.647776,0.031250,2,0,4,1,0,4,1,0,8,0.428750,0.460000
6653.082248,0.455000,1,1,5,2,1,9,0,0,6,0.005000,0.460000
6464.570564,0.005556,1,2,2,0,0,3,1,1,9,0.454444,0.460000
7617.794254,0.480198,1,2,5,2,0,10,0,0,6,0.000000,0.460000
8634.449274,0.469091,1,0,1,2,0,1,0,0,8,0.000000,0.460000
6631.705219,0.310754,2,2,5,2,1,10,0,1,6,0.149246,0.460000
6661.493647,0.480198,0,2,5,2,1,10,0,0,4,0.000000,0.460000
6494.698523,0.480198,1,2,5,2,1,10,0,0,3,0.000000,0.460000
7110.323901,0.480198,1,2,4,2,1,10,0,0,7,0.000000,0.460000
7047.849083,0.480198,1,2,5,2,0,8,0,0,6,0.000000,0.460000
7291.060842,0.480198,1,2,5,2,1,9,0,0,7,0.000000,0.460000
6828.612559,0.480198,1,2,5,2,1,10,0,0,8,0.000000,0.460000
8470.456405,0.480198,1,2,5,2,1,10,0,0,4,0.000000,0.460000
6810.924767,0.480198,1,2,5,2,1,8,0,0,6,0.000000,0.460000
6644.513433,0.480198,1,2,5,2,1,7,0,0,6,0.000000,0.460000
8184.841154,0.480198,1,2,4,2,1,7,0,0,6,0.000000,0.460000
7406.284439,0.480198,1,2,5,2,1,9,0,0,5,0.000000,0.460000
6878.337418,0.480198,1,2,5,2,0,9,0,0,6,0.000000,0.460000
7878.680346,0.480198,1,2,4,2,1,9,0,0,6,0.000000,0.460000
7346.015185,0.484289,1,2,5,1,1,10,0,0,5,0.000000,0.460000
7168.431656,0.480000,0,0,3,2,2,10,0,0,3,0.000000,0.460000
6385.613741,0.480198,0,2,5,2,0,10,0,0,6,0.000000,0.460000
7962.880702,0.480198,0,2,5,2,0,10,0,0,5,0.000000,0.460000
7012.098337,0.480198,0,2,5,2,0,9,0,0,6,0.000000,0.460000
7296.543711,0.480198,0,2,4,2,0,10,0,0,6,0.000000,0.460000
6709.448114,0.480198,0,2,5,2,0,10,0,0,7,0.000000,0.460000
7705.395981,0.481389,2,2,0,2,2,0,0,0,0,0.000000,0.460000
6581.006889,0.481389,2,2,0,2,2,0,0,0,0,0.000000,0.460000
6688.289749,0.031250,0,0,0,1,1,0,1,1,0,0.428750,0.460000
5039.404787,0.005556,2,2,0,1,1,0,1,1,0,0.454444,0.460000
6433.522543,0.481389,2,2,0,2,2,0,0,0,0,0.000000,0.460000
6576.577369,0.481389,2,2,0,2,2,0,0,0,0,0.000000,0.460000
6466.290490,0.481389,2,2,0,2,2,0,0,0,0,0.000000,0.460000
7011.377616,0.480000,0,0,0,2,2,0,0,0,0,0.000000,0.460000
6158.812305,0.481389,2,2,0,2,2,0,0,0,0,0.000000,0.460000
6419.248450,0.481389,2,2,0,2,2,0,0,0,0,0.000000,0.460000
7343.715824,0.481389,2,2,0,2,2,0,0,0,0,0.000000,0.460000
8021.219683,0.485480,2,2,0,0,0,0,0,0,0,0.000000,0.460000
7992.712915,0.481389,2,2,0,2,2,0,0,0,0,0.000000,0.460000
8094.950742,0.481389,2,2,0,2,2,0,0,0,0,0.000000,0.460000
7534.431520,0.481389,2,2,0,2,2,0,0,0,0,0.000000,0.460000
7492.099437,0.481389,2,2,0,2,2,0,0,0,0,0.000000,0.460000
7342.606721,0.481389,2,2,0,2,2,0,0,0,0,0.000000,0.460000
6348.032419,0.481389,2,2,0,2,2,0,0,0,0,0.000000,0.460000
5201.668882,0.005556,2,2,0,1,1,0,1,1,0,0.454444,0.460000
8239.280221,0.485480,2,2,0,0,0,0,0,0,0,0.000000,0.460000
7413.128817,0.481389,2,2,0,2,2,0,0,0,0,0.000000,0.460000
7887.071508,0.480000,0,0,0,2,2,0,0,0,0,0.000000,0.460000
8013.748707,0.481389,2,2,0,2,2,0,0,0,0,0.000000,0.460000
8616.182226,0.444091,1,1,0,0,0,0,0,0,0,0.015909,0.460000
4784.680012,0.031250,1,1,0,2,2,0,1,1,0,0.428750,0.460000
6463.132316,0.481389,2,2,0,2,2,0,0,0,0,0.000000,0.460000
7418.006302,0.481389,2,2,0,2,2,0,0,0,0,0.000000,0.460000
7736.804809,0.481389,2,2,0,2,2,0,0,0,0,0.000000,0.460000
7632.122306,0.481389,2,2,0,2,2,0,0,0,0,0.000000,0.460000
6968.154119,0.481389,2,2,0,2,2,0,0,0,0,0.000000,0.460000
7218.314095,0.485480,2,2,0,1,1,0,0,0,0,0.000000,0.460000
7286.448963,0.481389,2,2,0,2,2,0,0,0,0,0.000000,0.460000
5044.725677,0.031250,1,1,0,2,2,0,1,1,0,0.428750,0.460000
6554.432945,0.031250,1,1,0,1,1,0,1,1,0,0.428750,0.460000
7929.243382,0.481389,2,2,0,2,2,0,0,0,0,0.000000,0.460000
7519.048775,0.469091,0,0,0,1,1,0,0,0,0,0.000000,0.460000
6978.300481,0.005556,2,2,0,0,0,0,1,1,0,0.454444,0.460000
8210.296645,0.481389,2,2,0,2,2,0,0,0,0,0.000000,0.460000
7067.625284,0.480000,0,0,0,2,2,0,0,0,0,0.000000,0.460000
5537.776338,0.031250,1,1,0,1,1,0,1,1,0,0.428750,0.460000
8262.080508,0.485480,2,2,0,0,0,0,0,0,0,0.000000,0.460000
7130.234186,0.455000,1,1,0,2,2,0,0,0,0,0.005000,0.460000
6041.754684,0.481389,2,2,0,2,2,0,0,0,0,0.000000,0.460000
4531.336820,0.055556,2,2,0,2,2,0,1,1,0,0.404444,0.460000
9557.825748,0.484289,2,2,0,0,0,0,0,0,0,0.000000,0.460000
8386.178128,0.484289,2,2,0,0,0,0,0,0,0,0.000000,0.460000
8274.586158,0.031250,0,0,0,0,0,0,1,1,0,0.428750,0.460000
8218.392218,0.484289,2,2,0,0,0,0,0,0,0,0.000000,0.460000
8459.813240,0.484289,2,2,0,0,0,0,0,0,0,0.000000,0.460000
5992.970474,0.031250,1,1,0,1,1,0,1,1,0,0.428750,0.460000
7219.662528,0.455000,1,1,0,2,2,0,0,0,0,0.005000,0.460000
7282.909126,0.031250,0,0,0,0,0,0,1,1,0,0.428750,0.460000
6144.862509,0.031250,1,1,0,1,1,0,1,1,0,0.428750,0.460000
6997.454564,0.455000,1,1,0,2,2,0,0,0,0,0.005000,0.460000
6932.411133,0.455000,1,1,0,2,2,0,0,0,0,0.005000,0.460000
7499.065322,0.455000,1,1,0,2,2,0,0,0,0,0.005000,0.460000
7874.857010,0.455000,1,1,0,2,2,0,0,0,0,0.005000,0.460000
8152.902067,0.480198,2,2,0,2,2,0,0,0,0,0.000000,0.460000
6999.755722,0.005556,2,2,0,0,0,0,1,1,0,0.454444,0.460000
8076.841747,0.455000,1,1,0,2,2,0,0,0,0,0.005000,0.460000
5005.051713,0.031250,1,1,0,2,2,0,1,1,0,0.428750,0.460000
6712.717712,0.455000,1,1,0,2,2,0,0,0,0,0.005000,0.460000
6469.601658,0.480198,2,2,0,2,2,0,0,0,0,0.000000,0.460000
6959.513519,0.480198,2,2,0,2,2,0,0,0,0,0.000000,0.460000
7117.241151,0.480198,2,2,0,2,2,0,0,0,0,0.000000,0.460000
8209.068719,0.480198,2,2,0,2,2,0,0,0,0,0.000000,0.460000
7161.079454,0.480198,2,2,0,2,2,0,0,0,0,0.000000,0.460000
6620.344848,0.480198,2,2,0,2,2,0,0,0,0,0.000000,0.460000
4987.931268,0.056250,0,0,0,2,2,0,1,1,0,0.403750,0.460000
8164.127916,0.484289,2,2,0,0,0,0,0,0,0,0.000000,0.460000
7501.147840,0.484289,2,2,0,1,1,0,0,0,0,0.000000,0.460000
8225.827158,0.480198,2,2,0,2,2,0,0,0,0,0.000000,0.460000
7585.002346,0.455000,1,1,0,2,2,0,0,0,0,0.005000,0.460000
8708.414119,0.444091,1,1,0,0,0,0,0,0,0,0.015909,0.460000
7321.001715,0.480198,2,2,0,2,2,0,0,0,0,0.000000,0.460000
4841.056923,0.031250,1,1,0,2,2,0,1,1,0,0.428750,0.460000
6422.135729,0.480198,2,2,0,2,2,0,0,0,0,0.000000,0.460000
7353.751783,0.480198,2,2,0,2,2,0,0,0,0,0.000000,0.460000
7470.840671,0.480198,2,2,0,2,2,0,0,0,0,0.000000,0.460000
6692.917127,0.480198,2,2,0,2,2,0,0,0,0,0.000000,0.460000
7403.373317,0.480198,2,2,0,2,2,0,0,0,0,0.000000,0.460000
8091.853370,0.480198,2,2,0,2,2,0,0,0,0,0.000000,0.460000
6548.166203,0.484289,2,2,0,1,1,0,0,0,0,0.000000,0.460000
4801.557465,0.005556,2,2,0,1,1,0,1,1,0,0.454444,0.460000
7005.630999,0.480198,2,2,0,2,2,0,0,0,0,0.000000,0.460000
6730.112179,0.480198,2,2,0,2,2,0,0,0,0,0.000000,0.460000
6124.781833,0.455000,1,1,0,2,2,0,0,0,0,0.005000,0.460000
5313.286414,0.056250,0,0,0,2,2,0,1,1,0,0.403750,0.460000
7052.657001,0.031250,0,0,0,0,0,0,1,1,0,0.428750,0.460000
4786.947923,0.056250,0,0,0,2,2,0,1,1,0,0.403750,0.460000
4730.584232,0.056250,0,0,0,2,2,0,1,1,0,0.403750,0.460000
5890.553931,0.031250,0,0,0,1,1,0,1,1,0,0.428750,0.460000
8045.524928,0.484289,2,2,0,1,1,0,0,0,0,0.000000,0.460000
7388.044135,0.484289,2,2,0,1,1,0,0,0,0,0.000000,0.460000
6044.056432,0.031250,0,0,0,1,1,0,1,1,0,0.428750,0.460000
8703.831231,0.484289,2,2,0,1,1,0,0,0,0,0.000000,0.460000
7700.686379,0.484289,2,2,0,1,1,0,0,0,0,0.000000,0.460000
7496.867589,0.469091,0,0,0,1,1,0,0,0,0,0.000000,0.460000
6339.413257,0.480198,2,2,0,2,2,0,0,0,0,0.000000,0.460000
6616.947874,0.455000,1,1,0,2,2,0,0,0,0,0.005000,0.460000
6569.264445,0.480198,2,2,0,2,2,0,0,0,0,0.000000,0.460000
8584.370625,0.469091,0,0,0,0,0,0,0,0,0,0.000000,0.460000
6864.843440,0.480198,2,2,0,2,2,0,0,0,0,0.000000,0.460000
7224.086768,0.480198,2,2,0,2,2,0,0,0,0,0.000000,0.460000
7205.836521,0.480198,2,2,0,2,2,0,0,0,0,0.000000,0.460000
7258.203521,0.031250,0,0,0,0,0,0,1,1,0,0.428750,0.460000
6259.778777,0.480198,2,2,0,2,2,0,0,0,0,0.000000,0.460000
6355.706930,0.480198,2,2,0,2,2,0,0,0,0,0.000000,0.460000
6861.964103,0.480000,0,0,0,2,2,0,0,0,0,0.000000,0.460000
6731.323827,0.484289,2,2,0,1,1,0,0,0,0,0.000000,0.460000
7383.643043,0.480198,2,2,0,2,2,0,0,0,0,0.000000,0.460000
8042.365089,0.480198,2,2,0,2,2,0,0,0,0,0.000000,0.460000
7864.742405,0.480198,2,2,0,2,2,0,0,0,0,0.000000,0.460000
7268.919797,0.480198,2,2,0,2,2,0,0,0,0,0.000000,0.460000
6369.890988,0.480198,2,2,0,2,2,0,0,0,0,0.000000,0.460000
7380.259640,0.480198,2,2,0,2,2,0,0,0,0,0.000000,0.460000
6782.469560,0.005556,2,2,0,0,0,0,1,1,0,0.454444,0.460000
8203.201729,0.480198,2,2,0,2,2,0,0,0,0,0.000000,0.460000
7315.281783,0.480198,2,2,0,2,2,0,0,0,0,0.000000,0.460000
5952.736810,0.031250,1,1,0,1,1,0,1,1,0,0.428750,0.460000
7095.919814,0.480198,2,2,0,2,2,0,0,0,0,0.000000,0.460000
8196.919793,0.484289,2,2,0,1,1,0,0,0,0,0.000000,0.460000
7997.258943,0.480198,2,2,0,2,2,0,0,0,0,0.000000,0.460000
6103.523259,0.031250,1,1,0,1,1,0,1,1,0,0.428750,0.460000
4450.749026,0.055556,2,2,0,2,2,0,1,1,0,0.404444,0.460000
8343.286880,0.480198,2,2,0,2,2,0,0,0,0,0.000000,0.460000
8964.684084,0.469091,0,0,0,0,0,0,0,0,0,0.000000,0.460000
6077.252880,0.031250,0,0,0,1,1,0,1,1,0,0.428750,0.460000
8713.958957,0.469091,0,0,0,0,0,0,0,0,0,0.000000,0.460000
6785.165622,0.031250,0,0,0,1,1,0,1,1,0,0.428750,0.460000
5353.611244,0.005556,2,2,0,1,1,0,1,1,0,0.454444,0.460000
6228.208886,0.031250,0,0,0,1,1,0,1,1,0,0.428750,0.460000
6324.256828,0.031250,0,0,0,1,1,0,1,1,0,0.428750,0.460000
7139.473917,0.031250,1,1,0,0,0,0,1,1,0,0.428750,0.460000
6616.225215,0.031250,0,0,0,1,1,0,1,1,0,0.428750,0.460000
9084.216651,0.469091,0,0,0,1,1,0,0,0,0,0.000000,0.460000
7418.062667,0.485480,2,2,0,1,1,0,0,0,0,0.000000,0.460000
8667.913116,0.485480,2,2,0,1,1,0,0,0,0,0.000000,0.460000
8360.777118,0.485480,2,2,0,0,0,0,0,0,0,0.000000,0.460000
8151.733984,0.485480,2,2,0,0,0,0,0,0,0,0.000000,0.460000
6576.265462,0.031250,1,1,0,1,1,0,1,1,0,0.428750,0.460000
8289.100150,0.485480,2,2,0,0,0,0,0,0,0,0.000000,0.460000
5313.636671,0.005556,2,2,0,1,1,0,1,1,0,0.454444,0.460000
7313.339072,0.485480,2,2,0,1,1,0,0,0,0,0.000000,0.460000
7227.846271,0.481389,2,2,0,2,2,0,0,0,0,0.000000,0.460000
6913.051469,0.005556,2,2,0,0,0,0,1,1,0,0.454444,0.460000
6926.205217,0.455000,1,1,0,2,2,0,0,0,0,0.005000,0.460000
7501.181523,0.031250,1,1,0,0,0,0,1,1,0,0.428750,0.460000
5911.365165,0.031250,1,1,0,1,1,0,1,1,0,0.428750,0.460000
8410.199377,0.485480,2,2,0,0,0,0,0,0,0,0.000000,0.460000
5143.677183,0.056250,0,0,0,2,2,0,1,1,0,0.403750,0.460000
4833.273754,0.031250,1,1,0,2,2,0,1,1,0,0.428750,0.460000
8284.761477,0.481389,2,2,0,2,2,0,0,0,0,0.000000,0.460000
7613.802736,0.481389,2,2,0,2,2,0,0,0,0,0.000000,0.460000
7079.600575,0.455000,1,1,0,2,2,0,0,0,0,0.005000,0.460000
7307.854839,0.485480,2,2,0,1,1,0,0,0,0,0.000000,0.460000
4987.491742,0.031250,1,1,0,2,2,0,1,1,0,0.428750,0.460000
7185.839270,0.455000,1,1,0,2,2,0,0,0,0,0.005000,0.460000
7539.801545,0.455000,1,1,0,2,2,0,0,0,0,0.005000,0.460000
7601.175698,0.455000,1,1,0,2,2,0,0,0,0,0.005000,0.460000
9031.142505,0.444091,1,1,0,0,0,0,0,0,0,0.015909,0.460000
6786.897845,0.455000,1,1,0,2,2,0,0,0,0,0.005000,0.460000
7799.912672,0.455000,1,1,0,2,2,0,0,0,0,0.005000,0.460000
8397.191408,0.455000,1,1,0,2,2,0,0,0,0,0.005000,0.460000
7026.312690,0.455000,1,1,0,2,2,0,0,0,0,0.005000,0.460000
7056.744743,0.480000,0,0,0,2,2,0,0,0,0,0.000000,0.460000
7920.280218,0.481389,2,2,0,2,2,0,0,0,0,0.000000,0.460000
6809.146848,0.455000,1,1,0,2,2,0,0,0,0,0.005000,0.460000
6875.570486,0.480000,0,0,0,2,2,0,0,0,0,0.000000,0.460000
7213.234382,0.444091,1,1,0,1,1,0,0,0,0,0.015909,0.460000
9777.644562,0.444091,1,1,0,0,0,0,0,0,0,0.015909,0.460000
6171.797166,0.005556,2,2,0,1,1,0,1,1,0,0.454444,0.460000
5639.718906,0.031250,1,1,0,1,1,0,1,1,0,0.428750,0.460000
5860.840266,0.031250,1,1,0,1,1,0,1,1,0,0.428750,0.460000
8110.815459,0.480198,2,2,0,2,2,0,0,0,0,0.000000,0.460000
4373.335363,0.055556,2,2,0,2,2,0,1,1,0,0.404444,0.460000
6855.666681,0.444091,1,1,0,1,1,0,0,0,0,0.015909,0.460000
9166.706150,0.444091,1,1,0,0,0,0,0,0,0,0.015909,0.460000
6593.156339,0.455000,1,1,0,2,2,0,0,0,0,0.005000,0.460000
7164.543289,0.455000,1,1,0,2,2,0,0,0,0,0.005000,0.460000
4738.056592,0.031250,1,1,0,2,2,0,1,1,0,0.428750,0.460000
7362.011373,0.444091,1,1,0,1,1,0,0,0,0,0.015909,0.460000
6241.059324,0.005556,2,2,0,0,0,0,1,1,0,0.454444,0.460000
6599.817331,0.031250,0,0,0,1,1,0,1,1,0,0.428750,0.460000
8075.063680,0.455000,1,1,0,2,2,0,0,0,0,0.005000,0.460000
7001.822290,0.455000,1,1,0,2,2,0,0,0,0,0.005000,0.460000
5830.377904,0.031250,0,0,0,1,1,0,1,1,0,0.428750,0.460000
4687.341700,0.031250,1,1,0,2,2,0,1,1,0,0.428750,0.460000
8111.582511,0.455000,1,1,0,2,2,0,0,0,0,0.005000,0.460000
7695.922626,0.444091,1,1,0,1,1,0,0,0,0,0.015909,0.460000
8021.960951,0.469091,0,0,0,1,1,0,0,0,0,0.000000,0.460000
7100.462304,0.455000,1,1,0,2,2,0,0,0,0,0.005000,0.460000
6754.911019,0.455000,1,1,0,2,2,0,0,0,0,0.005000,0.460000
7182.531983,0.455000,1,1,0,2,2,0,0,0,0,0.005000,0.460000
7731.182251,0.484289,2,2,0,1,1,0,0,0,0,0.000000,0.460000
7868.384955,0.444091,1,1,0,1,1,0,0,0,0,0.015909,0.460000
7611.190395,0.455000,1,1,0,2,2,0,0,0,0,0.005000,0.460000
6852.637762,0.005556,2,2,0,0,0,0,1,1,0,0.454444,0.460000
7363.559199,0.444091,1,1,0,1,1,0,0,0,0,0.015909,0.460000
7587.862330,0.455000,1,1,0,2,2,0,0,0,0,0.005000,0.460000
7329.864662,0.455000,1,1,0,2,2,0,0,0,0,0.005000,0.460000
8032.955057,0.444091,1,1,0,1,1,0,0,0,0,0.015909,0.460000
7514.733394,0.444091,1,1,0,1,1,0,0,0,0,0.015909,0.460000
6724.753828,0.455000,1,1,0,2,2,0,0,0,0,0.005000,0.460000
4789.536529,0.031250,1,1,0,2,2,0,1,1,0,0.428750,0.460000
7526.146833,0.480198,2,2,0,2,2,0,0,0,0,0.000000,0.460000
8782.007553,0.469091,0,0,0,0,0,0,0,0,0,0.000000,0.460000
9239.803556,0.469091,0,0,0,0,0,0,0,0,0,0.000000,0.460000
9324.953091,0.444091,1,1,0,0,0,0,0,0,0,0.015909,0.460000
5746.883748,0.031250,1,1,0,1,1,0,1,1,0,0.428750,0.460000
6623.437152,0.480000,0,0,0,2,2,0,0,0,0,0.000000,0.460000
8529.484778,0.455000,1,1,0,2,2,0,0,0,0,0.005000,0.460000
7333.530429,0.480000,0,0,0,2,2,0,0,0,0,0.000000,0.460000
6815.857593,0.480000,0,0,0,2,2,0,0,0,0,0.000000,0.460000
7661.326868,0.480000,0,0,0,2,2,0,0,0,0,0.000000,0.460000
7166.825645,0.005556,2,2,0,0,0,0,1,1,0,0.454444,0.460000
6938.054147,0.480000,0,0,0,2,2,0,0,0,0,0.000000,0.460000
6650.648060,0.031250,0,0,0,1,1,0,1,1,0,0.428750,0.460000
6277.598625,0.480000,0,0,0,2,2,0,0,0,0,0.000000,0.460000
6644.074282,0.480000,0,0,0,2,2,0,0,0,0,0.000000,0.460000
7126.451037,0.480000,0,0,0,2,2,0,0,0,0,0.000000,0.460000
8691.650360,0.469091,0,0,0,0,0,0,0,0,0,0.000000,0.460000
7503.506669,0.480000,0,0,0,2,2,0,0,0,0,0.000000,0.460000
4735.958749,0.056250,0,0,0,2,2,0,1,1,0,0.403750,0.460000
6494.888469,0.480198,2,2,0,2,2,0,0,0,0,0.000000,0.460000
6760.813916,0.480000,0,0,0,2,2,0,0,0,0,0.000000,0.460000
7219.420882,0.480000,0,0,0,2,2,0,0,0,0,0.000000,0.460000
7752.447574,0.480000,0,0,0,2,2,0,0,0,0,0.000000,0.460000
8221.380416,0.484289,2,2,0,0,0,0,0,0,0,0.000000,0.460000
5847.238144,0.031250,0,0,0,1,1,0,1,1,0,0.428750,0.460000
7417.629867,0.480000,0,0,0,2,2,0,0,0,0,0.000000,0.460000
7965.341767,0.480000,0,0,0,2,2,0,0,0,0,0.000000,0.460000
6826.428978,0.480000,0,0,0,2,2,0,0,0,0,0.000000,0.460000
7052.515024,0.480000,0,0,0,2,2,0,0,0,0,0.000000,0.460000
6236.474981,0.031250,1,1,0,1,1,0,1,1,0,0.428750,0.460000
8970.572481,0.469091,0,0,0,0,0,0,0,0,0,0.000000,0.460000
8045.958676,0.480000,0,0,0,2,2,0,0,0,0,0.000000,0.460000
5277.598163,0.005556,2,2,0,1,1,0,1,1,0,0.454444,0.460000
8079.423180,0.469091,0,0,0,1,1,0,0,0,0,0.000000,0.460000
7113.428637,0.480000,0,0,0,2,2,0,0,0,0,0.000000,0.460000
6950.027096,0.480000,0,0,0,2,2,0,0,0,0,0.000000,0.460000
7251.849624,0.455000,1,1,0,2,2,0,0,0,0,0.005000,0.460000
7581.627597,0.469091,0,0,0,1,1,0,0,0,0,0.000000,0.460000
7544.056148,0.480000,0,0,0,2,2,0,0,0,0,0.000000,0.460000
8010.705497,0.480000,0,0,0,2,2,0,0,0,0,0.000000,0.460000
7074.743956,0.005556,2,2,0,0,0,0,1,1,0,0.454444,0.460000
6342.581346,0.031250,1,1,0,1,1,0,1,1,0,0.428750,0.460000
7460.352589,0.480000,0,0,0,2,2,0,0,0,0,0.000000,0.460000
6924.366422,0.480000,0,0,0,2,2,0,0,0,0,0.000000,0.460000
6954.178736,0.480000,0,0,0,2,2,0,0,0,0,0.000000,0.460000
9833.992768,0.484289,2,2,0,0,0,0,0,0,0,0.000000,0.460000
4326.072789,0.055556,2,2,0,2,2,0,1,1,0,0.404444,0.460000
6523.480724,0.480000,0,0,0,2,2,0,0,0,0,0.000000,0.460000
7213.075891,0.480000,0,0,0,2,2,0,0,0,0,0.000000,0.460000
8272.758528,0.480000,0,0,0,2,2,0,0,0,0,0.000000,0.460000
6324.173208,0.031250,0,0,0,1,1,0,1,1,0,0.428750,0.460000
8269.070065,0.484289,2,2,0,0,0,0,0,0,0,0.000000,0.460000
5290.247673,0.055556,2,2,0,2,2,0,1,1,0,0.404444,0.460000
9608.765095,0.444091,1,1,0,0,0,0,0,0,0,0.015909,0.460000
8309.721374,0.485480,2,2,0,1,1,0,0,0,0,0.000000,0.460000
7520.056330,0.485480,2,2,0,1,1,0,0,0,0,0.000000,0.460000
8831.777057,0.485480,2,2,0,1,1,0,0,0,0,0.000000,0.460000
4111.550514,0.055556,2,2,0,2,2,0,1,1,0,0.404444,0.460000
5761.416041,0.031250,1,1,0,1,1,0,1,1,0,0.428750,0.460000
8376.036813,0.485480,2,2,0,1,1,0,0,0,0,0.000000,0.460000
8174.512166,0.480000,0,0,0,2,2,0,0,0,0,0.000000,0.460000
8464.245226,0.485480,2,2,0,1,1,0,0,0,0,0.000000,0.460000
8486.255389,0.485480,2,2,0,1,1,0,0,0,0,0.000000,0.460000
7682.470492,0.031250,0,0,0,0,0,0,1,1,0,0.428750,0.460000
6366.071843,0.481389,2,2,0,2,2,0,0,0,0,0.000000,0.460000
7155.757857,0.481389,2,2,0,2,2,0,0,0,0,0.000000,0.460000
6102.179488,0.481389,2,2,0,2,2,0,0,0,0,0.000000,0.460000
7552.465092,0.481389,2,2,0,2,2,0,0,0,0,0.000000,0.460000
7722.770334,0.480000,0,0,0,2,2,0,0,0,0,0.000000,0.460000
8502.815054,0.444091,1,1,0,0,0,0,0,0,0,0.015909,0.460000
7757.655069,0.481389,2,2,0,2,2,0,0,0,0,0.000000,0.460000
4244.205715,0.055556,2,2,0,2,2,0,1,1,0,0.404444,0.460000
6206.616547,0.480000,0,0,0,2,2,0,0,0,0,0.000000,0.460000
6353.481480,0.480000,0,0,0,2,2,0,0,0,0,0.000000,0.460000
7141.950761,0.481389,2,2,0,2,2,0,0,0,0,0.000000,0.460000
7570.328645,0.485480,2,2,0,1,1,0,0,0,0,0.000000,0.460000
6080.602268,0.481389,2,2,0,2,2,0,0,0,0,0.000000,0.460000
6590.910018,0.480000,0,0,0,2,2,0,0,0,0,0.000000,0.460000
8494.882772,0.485480,2,2,0,1,1,0,0,0,0,0.000000,0.460000
8407.552740,0.485480,2,2,0,0,0,0,0,0,0,0.000000,0.460000
6508.958891,0.481389,2,2,0,2,2,0,0,0,0,0.000000,0.460000
6910.565897,0.481389,2,2,0,2,2,0,0,0,0,0.000000,0.460000
7049.869909,0.481389,2,2,0,2,2,0,0,0,0,0.000000,0.460000
6260.975616,0.481389,2,2,0,2,2,0,0,0,0,0.000000,0.460000
7993.857598,0.485480,2,2,0,0,0,0,0,0,0,0.000000,0.460000
8625.158587,0.469091,0,0,0,0,0,0,0,0,0,0.000000,0.460000
7586.225943,0.485480,2,2,0,1,1,0,0,0,0,0.000000,0.460000
6177.342936,0.481389,2,2,0,2,2,0,0,0,0,0.000000,0.460000
7417.980314,0.481389,2,2,0,2,2,0,0,0,0,0.000000,0.460000
6656.929787,0.481389,2,2,0,2,2,0,0,0,0,0.000000,0.460000
8139.392312,0.485480,2,2,0,0,0,0,0,0,0,0.000000,0.460000
7261.636421,0.480000,0,0,0,2,2,0,0,0,0,0.000000,0.460000
4472.271120,0.031250,1,1,0,2,2,0,1,1,0,0.428750,0.460000
6753.594251,0.481389,2,2,0,2,2,0,0,0,0,0.000000,0.460000
6259.272787,0.481389,2,2,0,2,2,0,0,0,0,0.000000,0.460000
7903.066888,0.484289,2,2,0,1,1,0,0,0,0,0.000000,0.460000
6976.060975,0.484289,2,2,0,1,1,0,0,0,0,0.000000,0.460000
8148.145712,0.469091,0,0,0,1,1,0,0,0,0,0.000000,0.460000
7849.771578,0.469091,0,0,0,1,1,0,0,0,0,0.000000,0.460000
8589.263960,0.484289,2,2,0,1,1,0,0,0,0,0.000000,0.460000
8002.605156,0.484289,2,2,0,0,0,0,0,0,0,0.000000,0.460000
6683.124515,0.484289,2,2,0,1,1,0,0,0,0,0.000000,0.460000
8406.407459,0.484289,2,2,0,1,1,0,0,0,0,0.000000,0.460000
7920.068098,0.444091,1,1,0,1,1,0,0,0,0,0.015909,0.460000
8390.296799,0.484289,2,2,0,1,1,0,0,0,0,0.000000,0.460000
7946.285878,0.484289,2,2,0,1,1,0,0,0,0,0.000000,0.460000
6805.510188,0.484289,2,2,0,1,1,0,0,0,0,0.000000,0.460000
7019.669604,0.484289,2,2,0,1,1,0,0,0,0,0.000000,0.460000
7183.456920,0.484289,2,2,0,1,1,0,0,0,0,0.000000,0.460000
5626.907619,0.056250,0,0,0,2,2,0,1,1,0,0.403750,0.460000
8053.202404,0.455000,1,1,0,2,2,0,0,0,0,0.005000,0.460000
7558.892727,0.484289,2,2,0,1,1,0,0,0,0,0.000000,0.460000
7218.853605,0.484289,2,2,0,1,1,0,0,0,0,0.000000,0.460000
7313.844448,0.484289,2,2,0,1,1,0,0,0,0,0.000000,0.460000
7987.244882,0.484289,2,2,0,0,0,0,0,0,0,0.000000,0.460000
6373.453449,0.005556,2,2,0,0,0,0,1,1,0,0.454444,0.460000
6117.826807,0.031250,1,1,0,1,1,0,1,1,0,0.428750,0.460000
8233.785579,0.484289,2,2,0,1,1,0,0,0,0,0.000000,0.460000
5923.401391,0.031250,0,0,0,1,1,0,1,1,0,0.428750,0.460000
8110.000760,0.444091,1,1,0,0,0,0,0,0,0,0.015909,0.460000
7949.689887,0.484289,2,2,0,1,1,0,0,0,0,0.000000,0.460000
7367.502216,0.444091,1,1,0,1,1,0,0,0,0,0.015909,0.460000
8099.933060,0.469091,0,0,0,1,1,0,0,0,0,0.000000,0.460000
7151.105002,0.031250,1,1,0,0,0,0,1,1,0,0.428750,0.460000
7558.707655,0.484289,2,2,0,1,1,0,0,0,0,0.000000,0.460000
8632.718924,0.444091,1,1,0,0,0,0,0,0,0,0.015909,0.460000
5482.153226,0.031250,1,1,0,1,1,0,1,1,0,0.428750,0.460000
6683.615805,0.484289,2,2,0,1,1,0,0,0,0,0.000000,0.460000
7891.918975,0.484289,2,2,0,1,1,0,0,0,0,0.000000,0.460000
4378.107590,0.055556,2,2,0,2,2,0,1,1,0,0.404444,0.460000
4860.337036,0.031250,1,1,0,2,2,0,1,1,0,0.428750,0.460000
8111.756467,0.480198,2,2,0,2,2,0,0,0,0,0.000000,0.460000
6872.879052,0.031250,0,0,0,0,0,0,1,1,0,0.428750,0.460000
7137.246851,0.444091,1,1,0,1,1,0,0,0,0,0.015909,0.460000
7420.942756,0.484289,2,2,0,1,1,0,0,0,0,0.000000,0.460000
6965.120170,0.484289,2,2,0,1,1,0,0,0,0,0.000000,0.460000
8453.655474,0.469091,0,0,0,0,0,0,0,0,0,0.000000,0.460000
5507.649066,0.056250,0,0,0,2,2,0,1,1,0,0.403750,0.460000
4557.515388,0.056250,0,0,0,2,2,0,1,1,0,0.403750,0.460000
4228.596224,0.055556,2,2,0,2,2,0,1,1,0,0.404444,0.460000
4416.306370,0.055556,2,2,0,2,2,0,1,1,0,0.404444,0.460000
6680.606043,0.031250,1,1,0,0,0,0,1,1,0,0.428750,0.460000
4736.353668,0.056250,0,0,0,2,2,0,1,1,0,0.403750,0.460000
4434.566172,0.056250,0,0,0,2,2,0,1,1,0,0.403750,0.460000
4418.498503,0.056250,0,0,0,2,2,0,1,1,0,0.403750,0.460000
4670.688354,0.056250,0,0,0,2,2,0,1,1,0,0.403750,0.460000
4332.929825,0.056250,0,0,0,2,2,0,1,1,0,0.403750,0.460000
4527.744217,0.056250,0,0,0,2,2,0,1,1,0,0.403750,0.460000
4654.982490,0.056250,0,0,0,2,2,0,1,1,0,0.403750,0.460000
4603.027647,0.031250,1,1,0,2,2,0,1,1,0,0.428750,0.460000
7778.975624,0.455000,1,1,0,2,2,0,0,0,0,0.005000,0.460000
6588.252874,0.485480,2,2,0,1,1,0,0,0,0,0.000000,0.460000
7049.097926,0.455000,1,1,0,2,2,0,0,0,0,0.005000,0.460000
4754.839763,0.056250,0,0,0,2,2,0,1,1,0,0.403750,0.460000
7696.363444,0.485480,2,2,0,0,0,0,0,0,0,0.000000,0.460000
7035.206523,0.485480,2,2,0,1,1,0,0,0,0,0.000000,0.460000
6640.773181,0.480000,0,0,0,2,2,0,0,0,0,0.000000,0.460000
6741.460983,0.485480,2,2,0,1,1,0,0,0,0,0.000000,0.460000
5319.468603,0.031250,0,0,0,1,1,0,1,1,0,0.428750,0.460000
6898.214476,0.485480,2,2,0,1,1,0,0,0,0,0.000000,0.460000
4414.300104,0.055556,2,2,0,2,2,0,1,1,0,0.404444,0.460000
7346.634171,0.485480,2,2,0,1,1,0,0,0,0,0.000000,0.460000
6860.109387,0.485480,2,2,0,1,1,0,0,0,0,0.000000,0.460000
7888.663021,0.455000,1,1,0,2,2,0,0,0,0,0.005000,0.460000
7010.083353,0.485480,2,2,0,1,1,0,0,0,0,0.000000,0.460000
8438.766937,0.444091,1,1,0,0,0,0,0,0,0,0.015909,0.460000
7620.133664,0.485480,2,2,0,1,1,0,0,0,0,0.000000,0.460000
8057.634372,0.485480,2,2,0,0,0,0,0,0,0,0.000000,0.460000
6614.459459,0.031250,1,1,0,0,0,0,1,1,0,0.428750,0.460000
4451.263096,0.056250,0,0,0,2,2,0,1,1,0,0.403750,0.460000
5475.851054,0.031250,1,1,0,1,1,0,1,1,0,0.428750,0.460000
7214.807682,0.485480,2,2,0,1,1,0,0,0,0,0.000000,0.460000
6745.429367,0.485480,2,2,0,1,1,0,0,0,0,0.000000,0.460000
8102.319025,0.455000,1,1,0,2,2,0,0,0,0,0.005000,0.460000
6880.471898,0.480000,0,0,0,2,2,0,0,0,0,0.000000,0.460000
7120.836976,0.485480,2,2,0,1,1,0,0,0,0,0.000000,0.460000
7159.081882,0.444091,1,1,0,1,1,0,0,0,0,0.015909,0.460000
8084.336379,0.485480,2,2,0,0,0,0,0,0,0,0.000000,0.460000
7201.386603,0.469091,0,0,0,1,1,0,0,0,0,0.000000,0.460000
7271.177472,0.485480,2,2,0,1,1,0,0,0,0,0.000000,0.460000
8642.195865,0.469091,0,0,0,0,0,0,0,0,0,0.000000,0.460000
6528.807887,0.485480,2,2,0,1,1,0,0,0,0,0.000000,0.460000
5406.026865,0.056250,0,0,0,2,2,0,1,1,0,0.403750,0.460000
7957.426554,0.469091,0,0,0,1,1,0,0,0,0,0.000000,0.460000
6942.761759,0.469091,0,0,0,1,1,0,0,0,0,0.000000,0.460000
6946.950386,0.469091,0,0,0,1,1,0,0,0,0,0.000000,0.460000
4264.167072,0.056250,0,0,0,2,2,0,1,1,0,0.403750,0.460000
6260.507586,0.480000,0,0,0,2,2,0,0,0,0,0.000000,0.460000
4693.998330,0.005556,2,2,0,1,1,0,1,1,0,0.454444,0.460000
6228.580216,0.480000,0,0,0,2,2,0,0,0,0,0.000000,0.460000
4212.965269,0.056250,0,0,0,2,2,0,1,1,0,0.403750,0.460000
4327.420850,0.056250,0,0,0,2,2,0,1,1,0,0.403750,0.460000
6251.566840,0.480000,0,0,0,2,2,0,0,0,0,0.000000,0.460000
6122.511900,0.480198,2,2,0,2,2,0,0,0,0,0.000000,0.460000
7432.732541,0.444091,1,1,0,1,1,0,0,0,0,0.015909,0.460000
4482.009387,0.031250,1,1,0,2,2,0,1,1,0,0.428750,0.460000
4550.951360,0.055556,2,2,0,2,2,0,1,1,0,0.404444,0.460000
6850.494911,0.455000,1,1,0,2,2,0,0,0,0,0.005000,0.460000
6918.769366,0.031250,1,1,0,0,0,0,1,1,0,0.428750,0.460000
8033.409787,0.484289,2,2,0,0,0,0,0,0,0,0.000000,0.460000
4745.824829,0.056250,0,0,0,2,2,0,1,1,0,0.403750,0.460000
8217.028734,0.484289,2,2,0,0,0,0,0,0,0,0.000000,0.460000
4261.340372,0.055556,2,2,0,2,2,0,1,1,0,0.404444,0.460000
6735.147065,0.031250,1,1,0,0,0,0,1,1,0,0.428750,0.460000
6829.930515,0.480198,2,2,0,2,2,0,0,0,0,0.000000,0.460000
7159.083366,0.455000,1,1,0,2,2,0,0,0,0,0.005000,0.460000
7125.130405,0.031250,0,0,0,0,0,0,1,1,0,0.428750,0.460000
7983.042684,0.480198,2,2,0,2,2,0,0,0,0,0.000000,0.460000
7594.578445,0.480198,2,2,0,2,2,0,0,0,0,0.000000,0.460000
4463.554774,0.031250,1,1,0,2,2,0,1,1,0,0.428750,0.460000
7709.259288,0.484289,2,2,0,1,1,0,0,0,0,0.000000,0.460000
7529.544990,0.031250,0,0,0,0,0,0,1,1,0,0.428750,0.460000
4130.817701,0.055556,2,2,0,2,2,0,1,1,0,0.404444,0.460000
4021.387835,0.055556,2,2,0,2,2,0,1,1,0,0.404444,0.460000
6783.126369,0.031250,1,1,0,0,0,0,1,1,0,0.428750,0.460000
7393.962825,0.484289,2,2,0,1,1,0,0,0,0,0.000000,0.460000
4211.807336,0.055556,2,2,0,2,2,0,1,1,0,0.404444,0.460000
6573.821091,0.480198,2,2,0,2,2,0,0,0,0,0.000000,0.460000
8229.165529,0.480198,2,2,0,2,2,0,0,0,0,0.000000,0.460000
7474.640715,0.031250,1,1,0,0,0,0,1,1,0,0.428750,0.460000
7141.672006,0.480198,2,2,0,2,2,0,0,0,0,0.000000,0.460000
6732.465417,0.480198,2,2,0,2,2,0,0,0,0,0.000000,0.460000
6906.281617,0.484289,2,2,0,1,1,0,0,0,0,0.000000,0.460000
7500.945851,0.031250,0,0,0,0,0,0,1,1,0,0.428750,0.460000
7159.321350,0.480000,0,0,0,2,2,0,0,0,0,0.000000,0.460000
6252.048951,0.480198,2,2,0,2,2,0,0,0,0,0.000000,0.460000
6234.847228,0.455000,1,1,0,2,2,0,0,0,0,0.005000,0.460000
