time_ms,accuracy,compute_similarities_with_state_decision_0,compute_similarities_with_state_decision_1,compute_similarities_with_state_threshold_0,parse_embedding_decision_0,parse_embedding_decision_1,parse_embedding_threshold_0,selector_kernel_decision_0,selector_kernel_decision_1,selector_kernel_threshold_0
9373.102999,0.400000,2,1,2,2,0,7,1,0,4
5722.869870,0.375198,2,2,2,2,0,7,1,0,4
4366.179469,0.030556,2,2,2,2,0,9,0,1,2
4848.693213,0.031250,0,1,1,0,2,1,0,1,0
6538.670169,0.480000,2,0,2,2,2,7,0,0,4
4425.775533,0.030556,2,2,2,2,0,7,1,1,5
6432.963722,0.375198,2,2,2,2,0,5,1,0,4
5575.659698,0.375198,2,2,1,2,0,7,1,0,4
5947.819589,0.455198,2,2,1,2,0,9,1,0,3
5676.191801,0.375198,2,2,1,2,0,6,1,0,4
5331.920696,0.255556,2,2,1,2,0,7,1,0,5
6079.039625,0.375198,2,2,1,1,0,7,1,0,4
6726.877051,0.425000,1,0,1,2,0,7,1,0,4
6429.200574,0.375198,2,2,1,2,0,5,1,0,4
6698.932972,0.375198,2,2,1,1,0,3,1,0,4
6271.679467,0.375198,2,2,4,1,1,9,1,0,4
8471.421139,0.469091,2,0,2,0,0,4,0,1,8
5334.703711,0.375198,2,2,1,2,0,10,1,0,4
5198.458472,0.375198,2,2,1,2,0,9,1,0,4
6456.670084,0.455198,1,2,1,2,0,8,1,0,3
6437.796012,0.375198,2,2,1,1,0,9,1,0,4
8730.855625,0.444091,0,1,5,2,1,2,0,0,5
6466.503659,0.292897,0,2,5,2,1,4,0,1,6
6352.782730,0.444091,2,1,5,2,1,2,0,0,5
6769.426258,0.444091,2,1,5,2,1,3,0,0,5
4453.307189,0.081250,2,0,1,2,0,10,0,1,3
6302.836046,0.444091,2,1,4,2,1,2,0,0,5
7014.730820,0.444091,1,1,4,2,1,2,0,0,4
5576.835488,0.301667,2,1,4,2,1,2,1,0,5
5225.721626,0.031250,0,1,2,1,1,2,1,1,2
6767.912244,0.444091,2,1,4,1,1,2,0,0,5
7614.366314,0.444091,2,1,4,2,0,2,0,0,7
5951.177100,0.455000,1,1,2,2,2,3,0,0,1
7476.003831,0.469091,1,0,3,1,1,10,1,0,0
6455.194254,0.031250,0,0,1,1,0,1,1,1,6
6353.792986,0.480198,0,2,5,2,2,6,0,1,10
5469.002378,0.316667,1,1,4,2,1,4,1,0,5
6595.525571,0.480198,1,2,2,2,1,3,0,0,1
6314.805138,0.250341,1,1,2,1,1,10,0,1,6
7232.831561,0.444091,1,1,2,0,1,3,0,0,1
7340.920193,0.469091,0,0,5,2,0,5,0,0,0
6520.779236,0.455000,1,1,2,2,2,2,0,0,1
8745.429627,0.484289,1,2,3,0,1,6,1,0,0
8556.435070,0.275341,1,0,2,1,0,1,0,1,6
6998.749360,0.484289,1,2,3,0,1,6,1,0,2
6627.751960,0.480198,1,2,3,2,0,6,1,0,2
6672.078072,0.455198,1,2,3,2,0,6,1,0,3
4826.953278,0.055556,1,2,3,2,0,6,1,1,2
6096.263865,0.286250,0,0,3,2,2,1,0,1,6
7514.879728,0.480198,1,2,3,2,0,10,1,0,2
6757.524343,0.455198,1,2,3,2,0,5,1,0,3
6866.414156,0.031250,1,1,1,0,0,1,0,1,0
7119.341603,0.469091,1,0,2,1,2,2,0,1,9
7434.329671,0.484289,1,2,3,1,0,6,1,0,2
7722.291451,0.480198,1,2,3,2,0,7,1,0,2
6968.244011,0.480198,0,2,3,2,0,6,1,0,2
4722.920428,0.255556,1,2,3,2,2,6,1,0,5
4441.175686,0.056250,0,0,3,2,1,8,1,1,9
6362.875903,0.480198,0,2,1,2,0,6,1,0,2
7325.692652,0.480198,2,2,1,2,0,6,1,0,2
7084.882637,0.480198,0,2,1,2,0,3,1,0,2
7785.593276,0.484289,0,2,1,0,0,1,1,0,2
7058.244828,0.484091,0,0,1,2,0,6,1,0,2
6588.626532,0.480198,0,2,5,2,0,8,1,0,2
9157.389947,0.484289,2,2,2,1,1,7,0,1,8
6318.361638,0.114646,2,2,5,1,1,7,0,1,4
4501.267589,0.056250,1,1,5,2,2,7,0,1,3
5903.805296,0.480198,2,2,1,2,1,7,0,1,9
6388.736261,0.480198,2,2,1,2,1,8,0,1,9
6485.357872,0.455000,1,1,5,2,2,5,0,0,10
5540.769802,0.005556,0,2,2,0,1,5,1,1,3
7284.398218,0.480198,2,2,1,2,2,7,0,1,8
6831.493639,0.480198,2,2,1,2,1,9,0,1,8
5980.954605,0.430000,0,1,2,2,2,10,1,0,3
7315.893086,0.480198,2,2,1,2,1,7,0,1,10
6594.215540,0.075000,2,2,1,0,0,1,1,0,7
8133.523544,0.444091,2,1,4,2,1,2,0,1,8
7695.877949,0.480198,1,2,1,2,1,7,0,1,9
6860.793065,0.255556,0,2,3,0,0,7,1,0,5
6032.484419,0.480198,2,2,1,2,1,7,0,1,8
5818.378509,0.480198,2,2,1,2,1,6,0,1,10
7588.536320,0.480198,2,2,1,2,1,6,0,1,9
6900.996327,0.480198,2,2,1,2,1,5,0,1,10
6925.107265,0.480198,2,2,1,2,0,6,0,1,9
6687.657350,0.480198,2,2,2,2,1,6,0,1,10
5896.229908,0.480198,2,2,1,2,2,8,0,1,10
6453.981720,0.480198,2,2,1,2,1,6,0,1,8
5321.609331,0.160556,2,2,3,2,1,10,0,1,4
3876.799964,0.256389,2,2,3,2,1,9,0,1,5
4598.218667,0.481389,2,2,3,2,1,9,0,1,8
5258.806602,0.114646,0,2,1,0,1,9,0,1,4
4458.913776,0.411944,2,2,3,2,1,9,0,1,7
4734.178284,0.455000,0,1,3,2,1,9,0,0,7
3692.490808,0.031250,0,0,5,1,1,8,1,1,5
4499.427179,0.411944,2,2,3,2,1,8,0,1,7
4494.786260,0.411944,2,2,4,2,1,8,0,1,7
3527.374367,0.135556,2,2,3,2,1,9,0,1,4
4512.687631,0.031250,2,0,5,2,0,3,1,0,10
4584.980848,0.481389,2,2,3,2,1,9,0,1,10
4604.942220,0.481389,2,2,3,2,1,9,0,1,9
4437.064780,0.436944,2,2,3,2,1,10,0,1,7
4192.322096,0.311944,2,2,3,2,0,10,0,1,6
4185.100577,0.286944,2,2,3,2,1,9,0,1,6
4588.436315,0.481389,2,2,3,2,1,10,0,1,8
4693.832053,0.291035,2,2,3,1,1,10,0,1,6
4565.717792,0.481389,2,2,3,2,1,10,0,1,10
4166.137804,0.311944,2,2,3,2,1,10,0,1,6
3967.672389,0.031250,0,1,1,0,2,5,1,0,8
4409.464610,0.436944,2,2,2,2,1,10,0,1,7
4398.994658,0.436944,2,2,4,2,1,10,0,1,7
4410.535071,0.436944,0,2,4,2,1,10,0,1,7
4529.479598,0.481389,2,2,4,2,1,10,0,1,9
2716.839730,0.055556,2,2,4,2,1,10,1,1,7
5140.399124,0.031250,0,0,3,1,0,6,1,1,3
5863.531961,0.485480,1,2,4,1,1,6,1,0,2
4878.535469,0.485480,1,2,4,1,1,5,1,0,2
3261.263204,0.005556,2,2,4,1,1,5,1,1,2
6027.375775,0.485480,0,2,1,0,1,7,0,1,10
5523.973971,0.485480,1,2,4,1,0,5,1,0,2
5076.568293,0.075000,0,1,3,0,0,4,1,0,7
5409.094709,0.485480,1,2,4,0,1,4,1,0,2
3873.597903,0.031250,1,0,3,0,1,1,1,0,10
3501.406434,0.135556,0,2,2,2,1,9,0,1,4
4867.122533,0.485480,1,2,5,1,1,5,1,0,2
5349.864514,0.485480,1,2,5,1,1,4,1,0,2
4833.353517,0.460480,1,2,5,1,1,5,1,0,3
4840.481554,0.460480,2,2,5,1,1,4,1,0,3
5495.495660,0.460480,1,2,5,1,1,4,1,0,3
4833.248831,0.460480,1,2,5,1,1,6,1,0,3
4490.418983,0.456389,1,2,5,2,1,6,1,0,3
4553.784486,0.456389,1,2,5,2,1,5,1,0,3
4527.355093,0.481389,1,2,5,2,1,6,1,0,2
4292.269599,0.456389,1,2,5,2,2,6,1,0,3
4285.653411,0.456389,1,2,5,2,2,5,1,0,3
3457.954094,0.255556,1,2,5,2,2,6,1,0,5
4325.903353,0.481389,1,2,5,2,2,5,1,0,2
4560.479651,0.481389,1,2,5,2,2,5,0,0,3
3451.945020,0.255556,1,2,5,2,2,5,1,0,5
4010.819178,0.376389,1,2,5,1,2,4,1,0,4
7476.093922,0.469091,0,0,3,2,0,4,0,1,8
5255.125034,0.075000,1,1,5,1,0,10,1,0,7
5878.723869,0.484091,0,0,3,2,0,7,0,1,8
6417.896991,0.444091,2,1,2,2,1,1,0,0,5
5764.435160,0.440341,0,0,3,2,0,7,0,1,7
5577.956687,0.290341,0,0,3,2,0,7,0,1,6
5704.576389,0.440341,0,0,2,2,0,7,0,1,7
5739.127316,0.440341,2,0,3,2,0,7,0,1,7
5349.768303,0.480000,0,0,2,2,0,10,0,1,8
5418.586048,0.480000,0,0,2,2,0,10,0,1,9
5485.315628,0.481389,0,2,2,2,0,10,0,1,8
5502.224090,0.480000,0,0,2,2,1,10,0,1,8
5887.790313,0.469091,0,0,2,1,2,10,0,1,8
5448.683364,0.480000,0,0,3,2,0,10,0,1,8
6794.495744,0.480000,2,0,2,2,1,10,0,1,8
5481.330689,0.480000,0,0,2,2,0,9,0,1,8
3758.934012,0.056250,0,0,3,2,0,10,1,1,8
7756.736510,0.469091,0,0,2,0,0,6,0,1,8
5421.932444,0.480000,0,0,1,2,0,10,0,1,8
5203.711791,0.480000,2,0,2,2,2,10,0,1,8
7537.764865,0.469091,2,0,2,0,2,10,0,1,8
3434.730466,0.056250,2,0,2,2,2,10,1,1,8
3594.252173,0.056250,2,0,2,2,2,10,1,0,8
3695.675523,0.055556,2,2,2,2,2,10,1,1,8
4007.687692,0.030556,0,2,2,2,0,7,1,1,2
7000.791253,0.460480,0,2,2,2,0,1,1,0,2
4493.553997,0.005556,2,2,2,0,1,9,1,1,5
5949.401633,0.435480,0,2,2,2,0,1,1,0,3
6070.822294,0.485480,0,2,2,1,0,1,1,0,2
4953.139812,0.031250,1,1,3,0,0,5,1,1,0
4260.725406,0.456389,0,2,4,2,2,1,1,0,3
4275.696651,0.456389,1,2,4,2,2,1,1,0,3
4518.629364,0.481389,1,2,4,2,2,1,0,0,6
4639.071211,0.455000,2,1,5,2,1,10,1,0,0
4260.155560,0.456389,0,2,5,2,2,1,1,0,3
4759.544437,0.435480,0,2,5,2,1,1,1,0,3
4264.312307,0.456389,0,2,5,2,2,2,1,0,3
4757.066892,0.480000,0,0,5,2,2,1,0,0,3
4318.456362,0.481389,0,2,5,2,2,1,1,0,2
4583.689290,0.455000,0,0,5,2,2,1,1,0,3
6668.784795,0.469091,1,0,3,2,0,1,0,0,6
3806.226732,0.376389,0,2,5,2,2,1,1,0,4
4270.190594,0.456389,0,2,4,2,2,4,1,0,3
3481.867531,0.255556,1,2,5,2,2,1,1,0,5
4453.525218,0.460480,0,2,5,0,2,1,1,0,3
3795.468599,0.376389,0,2,5,2,2,3,1,0,4
5194.285816,0.031250,2,0,5,0,0,9,1,1,9
4463.680786,0.419091,0,1,5,1,2,1,1,0,3
4314.510781,0.460480,0,2,5,1,2,1,1,0,3
4536.057238,0.031250,0,0,2,1,1,5,1,0,8
3932.244693,0.056250,1,0,2,2,0,9,1,1,3
3359.585811,0.056250,1,0,2,2,0,8,1,1,3
5616.652362,0.436944,2,2,5,2,1,5,0,1,7
4872.226440,0.481389,0,2,1,2,1,3,0,1,8
4876.192143,0.481389,0,2,1,2,1,3,0,1,10
6087.958220,0.469091,0,0,1,1,0,5,1,0,0
4727.316207,0.031250,2,0,3,0,2,8,1,0,9
5826.500528,0.481389,0,2,1,2,0,3,0,1,8
4359.264686,0.436944,0,2,1,2,1,10,0,1,7
3489.509337,0.031250,0,1,5,1,1,10,1,1,9
5232.292297,0.469091,0,0,4,2,1,2,0,1,9
3278.192810,0.031250,0,0,3,2,1,5,1,1,5
4500.773159,0.481389,0,2,1,2,1,10,0,1,9
2913.909179,0.055556,0,2,1,2,1,10,0,1,2
5349.532232,0.460480,0,2,1,0,1,4,1,0,3
6238.082471,0.444091,2,1,3,2,0,2,0,0,5
5074.436337,0.400341,0,1,1,1,1,10,0,1,7
4625.141806,0.436250,0,0,1,2,1,10,0,1,7
5054.464347,0.485480,0,2,4,1,1,4,0,0,6
4301.480327,0.311944,1,2,5,2,1,6,0,1,6
5226.083674,0.469091,0,0,3,2,1,2,0,0,1
3843.500935,0.281389,0,2,1,2,1,10,0,1,5
4724.564850,0.419087,0,2,1,2,1,3,0,1,7
6648.762552,0.444091,1,1,5,0,0,7,0,1,9
2925.479619,0.031250,2,1,5,1,2,1,1,1,1
9071.768587,0.484289,2,2,0,0,0,0,0,0,0
7768.414082,0.484289,2,2,0,0,0,0,0,0,0
7024.673473,0.005556,2,2,0,0,0,0,1,1,0
8049.742245,0.484289,2,2,0,0,0,0,0,0,0
7052.165983,0.031250,1,1,0,0,0,0,1,1,0
4109.340648,0.055556,2,2,0,2,2,0,1,1,0
5283.523911,0.031250,1,1,0,1,1,0,1,1,0
6862.262466,0.480198,2,2,0,2,2,0,0,0,0
6310.953717,0.455000,1,1,0,2,2,0,0,0,0
7710.733717,0.480000,0,0,0,2,2,0,0,0,0
5284.786757,0.031250,1,1,0,1,1,0,1,1,0
6579.402704,0.469091,0,0,0,1,1,0,0,0,0
8382.340452,0.444091,1,1,0,0,0,0,0,0,0
7978.233094,0.484289,2,2,0,0,0,0,0,0,0
4031.021976,0.055556,2,2,0,2,2,0,1,1,0
5615.368253,0.031250,0,0,0,1,1,0,1,1,0
6238.012858,0.455000,1,1,0,2,2,0,0,0,0
7736.198323,0.455000,1,1,0,2,2,0,0,0,0
7288.121101,0.484289,2,2,0,1,1,0,0,0,0
6696.799040,0.484289,2,2,0,1,1,0,0,0,0
6790.051036,0.444091,1,1,0,1,1,0,0,0,0
7332.243057,0.444091,1,1,0,1,1,0,0,0,0
7233.442829,0.489722,2,2,0,2,2,0,0,0,0
6943.848748,0.005556,2,2,0,0,0,0,1,1,0
6335.348816,0.493813,2,2,0,1,1,0,0,0,0
6852.409891,0.493813,2,2,0,1,1,0,0,0,0
5646.943728,0.031250,0,0,0,1,1,0,1,1,0
6502.976774,0.493813,2,2,0,1,1,0,0,0,0
6883.603838,0.031250,0,0,0,0,0,0,1,1,0
6941.904669,0.493813,2,2,0,1,1,0,0,0,0
4340.850954,0.055556,2,2,0,2,2,0,1,1,0
7779.177402,0.493813,2,2,0,1,1,0,0,0,0
8207.503171,0.472980,0,0,0,0,0,0,0,0,0
6145.576906,0.493813,2,2,0,1,1,0,0,0,0
6647.504753,0.493813,2,2,0,1,1,0,0,0,0
6085.969325,0.489722,2,2,0,2,2,0,0,0,0
5898.455867,0.489722,2,2,0,2,2,0,0,0,0
5881.863701,0.489722,2,2,0,2,2,0,0,0,0
4117.229164,0.055556,2,2,0,2,2,0,1,1,0
7385.874452,0.493813,2,2,0,1,1,0,0,0,0
7600.080581,0.489722,2,2,0,2,2,0,0,0,0
7961.946300,0.493813,2,2,0,0,0,0,0,0,0
5947.762507,0.489722,2,2,0,2,2,0,0,0,0
7546.944944,0.489722,2,2,0,2,2,0,0,0,0
7367.161186,0.493813,2,2,0,1,1,0,0,0,0
6295.945723,0.493813,2,2,0,1,1,0,0,0,0
6606.813499,0.493813,2,2,0,1,1,0,0,0,0
4704.456287,0.055556,2,2,0,2,2,0,1,1,0
6223.971451,0.458889,1,1,0,2,2,0,0,0,0
4127.369994,0.031250,1,1,0,2,2,0,1,1,0
7812.454261,0.489722,2,2,0,2,2,0,0,0,0
8298.934372,0.472980,0,0,0,0,0,0,0,0,0
7432.135601,0.458889,1,1,0,2,2,0,0,0,0
6270.126173,0.458889,1,1,0,2,2,0,0,0,0
6361.152779,0.493813,2,2,0,1,1,0,0,0,0
6227.193900,0.458889,1,1,0,2,2,0,0,0,0
4094.207677,0.056250,0,0,0,2,2,0,1,1,0
7596.798548,0.483889,0,0,0,2,2,0,0,0,0
5254.632364,0.031250,0,0,0,1,1,0,1,1,0
6673.273928,0.483889,0,0,0,2,2,0,0,0,0
7902.569268,0.458889,1,1,0,2,2,0,0,0,0
6586.144129,0.031250,1,1,0,0,0,0,1,1,0
3930.686847,0.031250,1,1,0,2,2,0,1,1,0
6957.235880,0.447980,1,1,0,1,1,0,0,0,0
4273.992015,0.031250,1,1,0,2,2,0,1,1,0
5971.147054,0.005556,2,2,0,0,0,0,1,1,0
7138.310856,0.458889,1,1,0,2,2,0,0,0,0
5849.923472,0.031250,1,1,0,1,1,0,1,1,0
5062.469203,0.031250,1,1,0,1,1,0,1,1,0
6451.788180,0.005556,2,2,0,0,0,0,1,1,0
9280.202575,0.469091,0,0,0,0,0,0,0,0,0
7754.487042,0.484289,2,2,0,0,0,0,0,0,0
6559.899057,0.455000,1,1,0,2,2,0,0,0,0
7287.448735,0.455000,1,1,0,2,2,0,0,0,0
6473.678053,0.484289,2,2,0,1,1,0,0,0,0
7965.692367,0.484289,2,2,0,1,1,0,0,0,0
3997.563883,0.055556,2,2,0,2,2,0,1,1,0
5232.676747,0.031250,1,1,0,1,1,0,1,1,0
6160.897514,0.005556,2,2,0,0,0,0,1,1,0
5064.031821,0.031250,0,0,0,1,1,0,1,1,0
7510.023728,0.484289,2,2,0,1,1,0,0,0,0
6162.554372,0.484289,2,2,0,1,1,0,0,0,0
7044.684338,0.484289,2,2,0,1,1,0,0,0,0
7834.951031,0.484289,2,2,0,1,1,0,0,0,0
5632.404090,0.480198,2,2,0,2,2,0,0,0,0
6330.665322,0.031250,1,1,0,0,0,0,1,1,0
8389.701268,0.469091,0,0,0,0,0,0,0,0,0
5783.374653,0.480198,2,2,0,2,2,0,0,0,0
4065.523509,0.056250,0,0,0,2,2,0,1,1,0
7147.570050,0.455000,1,1,0,2,2,0,0,0,0
9784.484471,0.444091,1,1,0,1,1,0,0,0,0
7561.727357,0.031250,0,0,0,0,0,0,1,1,0
7226.338271,0.444091,1,1,0,1,1,0,0,0,0
6474.993913,0.444091,1,1,0,1,1,0,0,0,0
5776.537049,0.455000,1,1,0,2,2,0,0,0,0
6549.603505,0.455000,1,1,0,2,2,0,0,0,0
7978.181053,0.489722,2,2,0,2,2,0,0,0,0
8072.436750,0.455000,1,1,0,2,2,0,0,0,0
7286.908631,0.455000,1,1,0,2,2,0,0,0,0
5643.516204,0.455000,1,1,0,2,2,0,0,0,0
7641.957163,0.489722,2,2,0,2,2,0,0,0,0
4084.125165,0.055556,2,2,0,2,2,0,1,1,0
3996.144115,0.055556,2,2,0,2,2,0,1,1,0
8169.875156,0.455000,1,1,0,2,2,0,0,0,0
7952.246972,0.444091,1,1,0,0,0,0,0,0,0
5802.822795,0.455000,1,1,0,2,2,0,0,0,0
8515.727660,0.469091,0,0,0,0,0,0,0,0,0
8220.831215,0.444091,1,1,0,0,0,0,0,0,0
6897.562262,0.455000,1,1,0,2,2,0,0,0,0
4183.801003,0.031250,1,1,0,2,2,0,1,1,0
8000.389328,0.444091,1,1,0,1,1,0,0,0,0
7441.107085,0.444091,1,1,0,1,1,0,0,0,0
9839.932171,0.485480,2,2,0,1,1,0,0,0,0
5879.354725,0.455000,1,1,0,2,2,0,0,0,0
6957.266467,0.455000,1,1,0,2,2,0,0,0,0
5586.092478,0.005556,2,2,0,1,1,0,1,1,0
5762.177763,0.455000,1,1,0,2,2,0,0,0,0
4507.900845,0.005556,2,2,0,1,1,0,1,1,0
7945.356291,0.455000,1,1,0,2,2,0,0,0,0
7925.583041,0.455000,1,1,0,2,2,0,0,0,0
7998.332363,0.455000,1,1,0,2,2,0,0,0,0
6212.438618,0.031250,1,1,0,0,0,0,1,1,0
7316.408490,0.455000,1,1,0,2,2,0,0,0,0
6247.233994,0.480000,0,0,0,2,2,0,0,0,0
5987.994170,0.455000,1,1,0,2,2,0,0,0,0
8025.660404,0.455000,1,1,0,2,2,0,0,0,0
3835.046524,0.055556,2,2,0,2,2,0,1,1,0
5884.813945,0.455000,1,1,0,2,2,0,0,0,0
6152.697739,0.455000,1,1,0,2,2,0,0,0,0
6260.504727,0.455000,1,1,0,2,2,0,0,0,0
7151.255551,0.455000,1,1,0,2,2,0,0,0,0
4122.842646,0.031250,1,1,0,2,2,0,1,1,0
6782.385655,0.455000,1,1,0,2,2,0,0,0,0
8451.913085,0.444091,1,1,0,1,1,0,0,0,0
6487.615903,0.031250,0,0,0,1,1,0,1,1,0
4782.793113,0.005556,2,2,0,1,1,0,1,1,0
5203.837360,0.031250,0,0,0,1,1,0,1,1,0
6760.447342,0.489722,2,2,0,2,2,0,0,0,0
6652.076228,0.031250,0,0,0,0,0,0,1,1,0
6463.498162,0.489722,2,2,0,2,2,0,0,0,0
5251.722982,0.031250,1,1,0,1,1,0,1,1,0
6573.639087,0.489722,2,2,0,2,2,0,0,0,0
6878.436487,0.489722,2,2,0,2,2,0,0,0,0
7383.767343,0.472980,0,0,0,1,1,0,0,0,0
6097.617968,0.489722,2,2,0,2,2,0,0,0,0
7291.795975,0.031250,0,0,0,0,0,0,1,1,0
4004.148149,0.031250,1,1,0,2,2,0,1,1,0
6788.062655,0.489722,2,2,0,2,2,0,0,0,0
3939.848364,0.055556,2,2,0,2,2,0,1,1,0
6467.339489,0.489722,2,2,0,2,2,0,0,0,0
7243.627401,0.031250,1,1,0,0,0,0,1,1,0
7598.625385,0.458889,1,1,0,2,2,0,0,0,0
6206.343267,0.489722,2,2,0,2,2,0,0,0,0
7788.564677,0.483889,0,0,0,2,2,0,0,0,0
6369.216951,0.005556,2,2,0,0,0,0,1,1,0
5135.462411,0.031250,0,0,0,1,1,0,1,1,0
6179.499456,0.489722,2,2,0,2,2,0,0,0,0
7684.124949,0.447980,1,1,0,1,1,0,0,0,0
6448.302959,0.447980,1,1,0,1,1,0,0,0,0
7200.194279,0.031250,1,1,0,0,0,0,1,1,0
5411.824561,0.031250,0,0,0,1,1,0,1,1,0
6541.102792,0.447980,1,1,0,1,1,0,0,0,0
6605.521644,0.472980,0,0,0,1,1,0,0,0,0
6842.002143,0.447980,1,1,0,1,1,0,0,0,0
6903.237830,0.493813,2,2,0,1,1,0,0,0,0
7441.094759,0.447980,1,1,0,1,1,0,0,0,0
5721.415343,0.031250,0,0,0,1,1,0,1,1,0
6600.478980,0.447980,1,1,0,1,1,0,0,0,0
6816.013264,0.472980,0,0,0,1,1,0,0,0,0
6837.897765,0.447980,1,1,0,1,1,0,0,0,0
6605.950856,0.447980,1,1,0,1,1,0,0,0,0
6709.912542,0.447980,1,1,0,1,1,0,0,0,0
6634.531308,0.447980,1,1,0,1,1,0,0,0,0
7224.579758,0.447980,1,1,0,1,1,0,0,0,0
6896.047659,0.447980,1,1,0,1,1,0,0,0,0
7430.216130,0.447980,1,1,0,1,1,0,0,0,0
6851.140863,0.472980,0,0,0,1,1,0,0,0,0
6478.130329,0.031250,1,1,0,0,0,0,1,1,0
6764.240206,0.447980,1,1,0,1,1,0,0,0,0
7625.247760,0.480000,0,0,0,2,2,0,0,0,0
6334.712547,0.031250,0,0,0,1,1,0,1,1,0
6088.102016,0.480000,0,0,0,2,2,0,0,0,0
6198.327370,0.480000,0,0,0,2,2,0,0,0,0
5922.664742,0.455000,1,1,0,2,2,0,0,0,0
5738.688877,0.480198,2,2,0,2,2,0,0,0,0
5856.481910,0.480198,2,2,0,2,2,0,0,0,0
5336.987264,0.031250,1,1,0,1,1,0,1,1,0
6307.663940,0.005556,2,2,0,0,0,0,1,1,0
6352.490480,0.005556,2,2,0,0,0,0,1,1,0
6060.713271,0.480198,2,2,0,2,2,0,0,0,0
5731.175053,0.480198,2,2,0,2,2,0,0,0,0
5942.557861,0.480198,2,2,0,2,2,0,0,0,0
5868.443583,0.480198,2,2,0,2,2,0,0,0,0
5855.576694,0.480198,2,2,0,2,2,0,0,0,0
6117.874480,0.480198,2,2,0,2,2,0,0,0,0
6745.448284,0.480198,2,2,0,2,2,0,0,0,0
8166.346905,0.484289,2,2,0,1,1,0,0,0,0
6170.610339,0.480198,2,2,0,2,2,0,0,0,0
6436.183563,0.480198,2,2,0,2,2,0,0,0,0
5941.498229,0.480198,2,2,0,2,2,0,0,0,0
6969.572598,0.455000,1,1,0,2,2,0,0,0,0
6790.729859,0.480198,2,2,0,2,2,0,0,0,0
9215.712823,0.484289,2,2,0,0,0,0,0,0,0
8350.192045,0.469091,0,0,0,0,0,0,0,0,0
6041.915576,0.031250,1,1,0,1,1,0,1,1,0
8378.195066,0.469091,0,0,0,0,0,0,0,0,0
5974.588453,0.005556,2,2,0,0,0,0,1,1,0
7006.057573,0.031250,0,0,0,0,0,0,1,1,0
8294.073376,0.469091,0,0,0,0,0,0,0,0,0
8226.524557,0.469091,0,0,0,0,0,0,0,0,0
7774.908541,0.484289,2,2,0,0,0,0,0,0,0
7987.655051,0.484289,2,2,0,0,0,0,0,0,0
6026.476631,0.005556,2,2,0,0,0,0,1,1,0
7908.142877,0.484289,2,2,0,0,0,0,0,0,0
3974.462601,0.055556,2,2,0,2,2,0,1,1,0
4870.518608,0.005556,2,2,0,1,1,0,1,1,0
6768.333041,0.484289,2,2,0,1,1,0,0,0,0
7046.050227,0.444091,1,1,0,1,1,0,0,0,0
7639.095389,0.469091,0,0,0,1,1,0,0,0,0
7924.700889,0.484289,2,2,0,0,0,0,0,0,0
6818.776773,0.444091,1,1,0,1,1,0,0,0,0
8136.001055,0.444091,1,1,0,0,0,0,0,0,0
6854.005686,0.484289,2,2,0,1,1,0,0,0,0
6593.748667,0.455000,1,1,0,2,2,0,0,0,0
